[{"model": "admin.logentry", "pk": 1, "fields": {"action_time": "2025-03-04T13:47:17.245Z", "user": 3, "content_type": 10, "object_id": "3", "object_repr": "Author object (3)", "action_flag": 1, "change_message": "[{\"added\": {}}]"}}, {"model": "admin.logentry", "pk": 2, "fields": {"action_time": "2025-03-04T13:48:23.798Z", "user": 3, "content_type": 9, "object_id": "4", "object_repr": "Дроссель\n Дроссель (Throttle), приятный, любезный Дроссель (в некоторых переводах Тротл) (23 года) — мышь-байкер с рыжей шерстью, одетый в кожу и в очках. Дроссель чрезвычайно способный лидер команды ", "action_flag": 1, "change_message": "[{\"added\": {}}]"}}, {"model": "admin.logentry", "pk": 3, "fields": {"action_time": "2025-03-12T06:55:43.420Z", "user": 3, "content_type": 10, "object_id": "4", "object_repr": "Author object (4)", "action_flag": 1, "change_message": "[{\"added\": {}}]"}}, {"model": "admin.logentry", "pk": 4, "fields": {"action_time": "2025-03-12T06:57:33.263Z", "user": 3, "content_type": 9, "object_id": "5", "object_repr": "Чарли\n Чарли (Charlene «Charley» Davidson), первый человек, повстречавший мышей-байкеров, лучший механик во всём Чикаго и одна из немногих осведомлённых о планах плутаркийцев по хищению природных ресу", "action_flag": 1, "change_message": "[{\"added\": {}}]"}}, {"model": "admin.logentry", "pk": 5, "fields": {"action_time": "2025-03-12T07:33:08.836Z", "user": 3, "content_type": 9, "object_id": "6", "object_repr": "Саундтрек\n В 1994 году был выпущен альбом Biker Mice From Mars: Original Soundtrack. Альбом содержит 10 композиций общей длительностью около 40 минут. Над альбомом работал американский музыкант Джефф ", "action_flag": 1, "change_message": "[{\"added\": {}}]"}}, {"model": "admin.logentry", "pk": 6, "fields": {"action_time": "2025-03-12T07:33:34.474Z", "user": 3, "content_type": 9, "object_id": "6", "object_repr": "Саундтрек к МБМ\n В 1994 году был выпущен альбом Biker Mice From Mars: Original Soundtrack. Альбом содержит 10 композиций общей длительностью около 40 минут. Над альбомом работал американский музыкант ", "action_flag": 2, "change_message": "[{\"changed\": {\"fields\": [\"Title\"]}}]"}}, {"model": "admin.logentry", "pk": 7, "fields": {"action_time": "2025-03-12T07:34:15.104Z", "user": 3, "content_type": 9, "object_id": "7", "object_repr": "Игры по МБМ\n Гоночный автосимулятор, основанный на идее мультсериала был издан Konami для консоли SNES в 1994 году.\r\n\r\nКомпания Creat Studio представила на КРИ 2006 игру по мотивам сериала и получила ", "action_flag": 1, "change_message": "[{\"added\": {}}]"}}, {"model": "admin.logentry", "pk": 8, "fields": {"action_time": "2025-03-12T07:34:56.487Z", "user": 3, "content_type": 9, "object_id": "8", "object_repr": "Планы по перезапуску МБМ\n В январе 2023 года компания Nacelle сообщила, что приобрела права и планирует выпустить новую линию игрушек и перезапустить мультфильм", "action_flag": 1, "change_message": "[{\"added\": {}}]"}}, {"model": "admin.logentry", "pk": 9, "fields": {"action_time": "2025-03-12T08:15:41.107Z", "user": 3, "content_type": 9, "object_id": "9", "object_repr": "1 из 7 фактов о МБМ\n В серии «Rock and Ride!» фигурирует робот «Ликвидатор», который произносит фразу «Hasta la vista» перед погоней за главными героями, а в конце этой серии Дроссель подстраивает его", "action_flag": 1, "change_message": "[{\"added\": {}}]"}}, {"model": "admin.logentry", "pk": 10, "fields": {"action_time": "2025-03-12T08:16:16.201Z", "user": 3, "content_type": 9, "object_id": "10", "object_repr": "2 из 7 фактов о МБМ\n Многие из главных актеров сериала \"Беверли-Хиллз, 90210\" появились в мультике в гостевых ролях.", "action_flag": 1, "change_message": "[{\"added\": {}}]"}}, {"model": "admin.logentry", "pk": 11, "fields": {"action_time": "2025-03-12T08:16:57.428Z", "user": 3, "content_type": 9, "object_id": "11", "object_repr": "3 из 7 фактов о МБМ\n Персонаж \"Злоглазый долгоносик\" был пародией на Ивела Книвела и Элвиса Пресли.", "action_flag": 1, "change_message": "[{\"added\": {}}]"}}, {"model": "admin.logentry", "pk": 12, "fields": {"action_time": "2025-03-12T08:17:41.855Z", "user": 3, "content_type": 9, "object_id": "12", "object_repr": "4 из 7 фактов о МБМ\n Создатели мультфильма вдохновлялись сериями \"Безумный Макс\" и \"Черепашки-ниндзя\".", "action_flag": 1, "change_message": "[{\"added\": {}}]"}}, {"model": "admin.logentry", "pk": 13, "fields": {"action_time": "2025-03-12T08:18:06.025Z", "user": 3, "content_type": 9, "object_id": "13", "object_repr": "5 из 7 фактов о МБМ\n Marvel Comics опубликовал серию из трех выпусков про мышей-рокеров в начале 1990-х годов.", "action_flag": 1, "change_message": "[{\"added\": {}}]"}}, {"model": "admin.logentry", "pk": 14, "fields": {"action_time": "2025-03-12T08:18:38.856Z", "user": 3, "content_type": 9, "object_id": "14", "object_repr": "6 из 7 фактов о МБМ\n Британский мультфильм \"Пингвины-мстители\", премьера которого состоялась в том же году, является аналогом \"Мышей-байкеров...\". Мультфильм рассказывает о трех пингвинах-велосипедист", "action_flag": 1, "change_message": "[{\"added\": {}}]"}}, {"model": "admin.logentry", "pk": 15, "fields": {"action_time": "2025-03-12T08:19:39.762Z", "user": 3, "content_type": 9, "object_id": "15", "object_repr": "7 из 7 фактов о МБМ\n В 2006 году компания Creat Studio представила игру по мотивам сериала и получила награду в номинации \"Лучшая игра для игровых консолей\". Она была выпущена для приставок Sony Plays", "action_flag": 1, "change_message": "[{\"added\": {}}]"}}, {"model": "admin.logentry", "pk": 16, "fields": {"action_time": "2025-03-13T10:00:26.228Z", "user": 3, "content_type": 9, "object_id": "16", "object_repr": "Rise of the Ronin is another crappy PC port, performance patch coming 'soon'\n Widespread problems with stuttering, low frame rates, and sub-par graphics have saddled Rise of the Ronin with a \"mixed\" r", "action_flag": 1, "change_message": "[{\"added\": {}}]"}}, {"model": "admin.logentry", "pk": 17, "fields": {"action_time": "2025-03-13T10:11:45.248Z", "user": 3, "content_type": 9, "object_id": "17", "object_repr": "Spectre Divide and its studio are shutting down after just six months: 'The industry is in a tough spot right now'\n The game will close within 30 days, and refunds will be granted on purchases made af", "action_flag": 1, "change_message": "[{\"added\": {}}]"}}, {"model": "admin.logentry", "pk": 18, "fields": {"action_time": "2025-03-13T10:12:55.576Z", "user": 3, "content_type": 9, "object_id": "18", "object_repr": "Parents are suing Epic over Fortnite item shop 'FOMO' timers they say are inaccurate and manipulative\n First reported by Polygon, two parents in the US are suing Epic Games over limited-time sales of ", "action_flag": 1, "change_message": "[{\"added\": {}}]"}}, {"model": "admin.logentry", "pk": 19, "fields": {"action_time": "2025-03-13T10:13:44.008Z", "user": 3, "content_type": 9, "object_id": "19", "object_repr": "'Diversify your fashion endgame' with this Kingdom Come: Deliverance 2 mod that gives Henry fly new gambesons, pourpoints, and caftans\n The last time I saw my version of Henry in Kingdom Come: Deliver", "action_flag": 1, "change_message": "[{\"added\": {}}]"}}, {"model": "admin.logentry", "pk": 20, "fields": {"action_time": "2025-03-13T10:14:16.718Z", "user": 3, "content_type": 9, "object_id": "20", "object_repr": "There's hope yet for Classic Offensive after its Steam rejection: The team behind the Counter-Strike 1.6 revival mod is in touch with Valve about its 'concerns'\n PC Gamer's Ted Litchfield expressed ho", "action_flag": 1, "change_message": "[{\"added\": {}}]"}}, {"model": "admin.logentry", "pk": 21, "fields": {"action_time": "2025-03-13T10:14:53.693Z", "user": 3, "content_type": 9, "object_id": "21", "object_repr": "The best Sims 4 mods to expand your life sandbox\n Whether your mods folder is empty or stuffed, this list of the best Sims 4 mods will top it off with yet more sim-life. It doesn't matter how many Sim", "action_flag": 1, "change_message": "[{\"added\": {}}]"}}, {"model": "admin.logentry", "pk": 22, "fields": {"action_time": "2025-03-13T10:15:55.479Z", "user": 3, "content_type": 9, "object_id": "22", "object_repr": "The best Stardew Valley mods\n Stardew Valley has become the king of all farming simulators, and even eight years since its release it is still being picked up by new players. It certainly helps that t", "action_flag": 1, "change_message": "[{\"added\": {}}]"}}, {"model": "admin.logentry", "pk": 23, "fields": {"action_time": "2025-03-13T10:16:49.175Z", "user": 3, "content_type": 9, "object_id": "23", "object_repr": "Johnny Silverhand is coming to Fortnite and yup, he's got a suitcase nuke\n Fortnite is ostensibly a battle royale game in which players fight within the confines of a slowly constricting circle until ", "action_flag": 1, "change_message": "[{\"added\": {}}]"}}, {"model": "admin.logentry", "pk": 24, "fields": {"action_time": "2025-03-18T10:17:19.831Z", "user": 3, "content_type": 12, "object_id": "1", "object_repr": "127.0.0.1", "action_flag": 2, "change_message": "[{\"changed\": {\"fields\": [\"Domain name\"]}}]"}}, {"model": "admin.logentry", "pk": 25, "fields": {"action_time": "2025-03-18T10:42:27.368Z", "user": 3, "content_type": 17, "object_id": "1", "object_repr": "Google", "action_flag": 1, "change_message": "[{\"added\": {}}]"}}, {"model": "admin.logentry", "pk": 26, "fields": {"action_time": "2025-03-18T10:44:08.948Z", "user": 3, "content_type": 4, "object_id": "3", "object_repr": "admin", "action_flag": 2, "change_message": "[{\"changed\": {\"fields\": [\"Email address\"]}}]"}}, {"model": "admin.logentry", "pk": 27, "fields": {"action_time": "2025-03-18T12:25:03.707Z", "user": 3, "content_type": 3, "object_id": "1", "object_repr": "common", "action_flag": 1, "change_message": "[{\"added\": {}}]"}}, {"model": "admin.logentry", "pk": 28, "fields": {"action_time": "2025-03-18T12:25:13.243Z", "user": 3, "content_type": 3, "object_id": "2", "object_repr": "authors", "action_flag": 1, "change_message": "[{\"added\": {}}]"}}, {"model": "admin.logentry", "pk": 29, "fields": {"action_time": "2025-03-18T13:25:41.316Z", "user": 3, "content_type": 4, "object_id": "5", "object_repr": "Charlene", "action_flag": 2, "change_message": "[{\"changed\": {\"fields\": [\"Groups\"]}}]"}}, {"model": "admin.logentry", "pk": 30, "fields": {"action_time": "2025-03-18T13:25:49.399Z", "user": 3, "content_type": 4, "object_id": "2", "object_repr": "Modo", "action_flag": 2, "change_message": "[{\"changed\": {\"fields\": [\"Groups\"]}}]"}}, {"model": "admin.logentry", "pk": 31, "fields": {"action_time": "2025-03-18T13:25:58.206Z", "user": 3, "content_type": 4, "object_id": "4", "object_repr": "Throttle", "action_flag": 2, "change_message": "[{\"changed\": {\"fields\": [\"Groups\"]}}]"}}, {"model": "admin.logentry", "pk": 32, "fields": {"action_time": "2025-03-18T13:26:05.742Z", "user": 3, "content_type": 4, "object_id": "1", "object_repr": "Vinnie", "action_flag": 2, "change_message": "[{\"changed\": {\"fields\": [\"Groups\"]}}]"}}, {"model": "admin.logentry", "pk": 33, "fields": {"action_time": "2025-03-18T13:26:15.633Z", "user": 3, "content_type": 4, "object_id": "3", "object_repr": "admin", "action_flag": 2, "change_message": "[{\"changed\": {\"fields\": [\"Groups\"]}}]"}}, {"model": "admin.logentry", "pk": 34, "fields": {"action_time": "2025-03-19T07:26:25.671Z", "user": 3, "content_type": 4, "object_id": "6", "object_repr": "dima", "action_flag": 2, "change_message": "[{\"changed\": {\"fields\": [\"Groups\"]}}]"}}, {"model": "admin.logentry", "pk": 35, "fields": {"action_time": "2025-03-19T07:46:32.479Z", "user": 3, "content_type": 3, "object_id": "2", "object_repr": "authors", "action_flag": 2, "change_message": "[{\"changed\": {\"fields\": [\"Permissions\"]}}]"}}, {"model": "admin.logentry", "pk": 36, "fields": {"action_time": "2025-03-19T09:06:13.878Z", "user": 3, "content_type": 17, "object_id": "2", "object_repr": "Yandex", "action_flag": 1, "change_message": "[{\"added\": {}}]"}}, {"model": "admin.logentry", "pk": 37, "fields": {"action_time": "2025-03-19T09:08:35.362Z", "user": 3, "content_type": 17, "object_id": "2", "object_repr": "Yandex", "action_flag": 2, "change_message": "[{\"changed\": {\"fields\": [\"Provider ID\"]}}]"}}, {"model": "admin.logentry", "pk": 38, "fields": {"action_time": "2025-03-19T09:12:46.699Z", "user": 3, "content_type": 17, "object_id": "2", "object_repr": "Yandex", "action_flag": 2, "change_message": "[{\"changed\": {\"fields\": [\"Provider ID\"]}}]"}}, {"model": "admin.logentry", "pk": 39, "fields": {"action_time": "2025-03-19T09:16:58.696Z", "user": 3, "content_type": 17, "object_id": "2", "object_repr": "Yandex", "action_flag": 2, "change_message": "[{\"changed\": {\"fields\": [\"provider\"]}}]"}}, {"model": "admin.logentry", "pk": 40, "fields": {"action_time": "2025-03-19T09:17:12.339Z", "user": 3, "content_type": 17, "object_id": "2", "object_repr": "Yandex", "action_flag": 2, "change_message": "[]"}}, {"model": "admin.logentry", "pk": 41, "fields": {"action_time": "2025-03-19T09:19:07.143Z", "user": 3, "content_type": 17, "object_id": "2", "object_repr": "Yandex", "action_flag": 3, "change_message": ""}}, {"model": "admin.logentry", "pk": 42, "fields": {"action_time": "2025-03-19T09:51:22.889Z", "user": 3, "content_type": 4, "object_id": "8", "object_repr": "Kolya", "action_flag": 2, "change_message": "[{\"changed\": {\"fields\": [\"Email address\"]}}]"}}, {"model": "admin.logentry", "pk": 43, "fields": {"action_time": "2025-03-19T10:00:20.947Z", "user": 3, "content_type": 4, "object_id": "8", "object_repr": "Kolya", "action_flag": 3, "change_message": ""}}, {"model": "admin.logentry", "pk": 44, "fields": {"action_time": "2025-03-19T10:03:25.717Z", "user": 3, "content_type": 4, "object_id": "9", "object_repr": "Kolya", "action_flag": 3, "change_message": ""}}, {"model": "admin.logentry", "pk": 45, "fields": {"action_time": "2025-03-19T10:05:17.116Z", "user": 3, "content_type": 4, "object_id": "10", "object_repr": "Kolya", "action_flag": 3, "change_message": ""}}, {"model": "admin.logentry", "pk": 46, "fields": {"action_time": "2025-03-19T10:06:59.787Z", "user": 3, "content_type": 4, "object_id": "11", "object_repr": "kolya", "action_flag": 3, "change_message": ""}}, {"model": "admin.logentry", "pk": 47, "fields": {"action_time": "2025-03-19T10:30:40.933Z", "user": 3, "content_type": 4, "object_id": "12", "object_repr": "Kolya", "action_flag": 3, "change_message": ""}}, {"model": "admin.logentry", "pk": 48, "fields": {"action_time": "2025-03-19T10:42:41.941Z", "user": 3, "content_type": 4, "object_id": "13", "object_repr": "Kolya", "action_flag": 3, "change_message": ""}}, {"model": "admin.logentry", "pk": 49, "fields": {"action_time": "2025-03-19T10:46:41.928Z", "user": 3, "content_type": 4, "object_id": "14", "object_repr": "kolya", "action_flag": 3, "change_message": ""}}, {"model": "admin.logentry", "pk": 50, "fields": {"action_time": "2025-03-19T10:52:42.846Z", "user": 3, "content_type": 4, "object_id": "15", "object_repr": "Kolya", "action_flag": 3, "change_message": ""}}, {"model": "admin.logentry", "pk": 51, "fields": {"action_time": "2025-03-19T10:53:48.184Z", "user": 3, "content_type": 4, "object_id": "16", "object_repr": "kolya", "action_flag": 2, "change_message": "[{\"changed\": {\"fields\": [\"Groups\"]}}]"}}, {"model": "admin.logentry", "pk": 52, "fields": {"action_time": "2025-03-20T09:49:24.071Z", "user": 3, "content_type": 17, "object_id": "3", "object_repr": "Yandex", "action_flag": 1, "change_message": "[{\"added\": {}}]"}}, {"model": "admin.logentry", "pk": 53, "fields": {"action_time": "2025-03-26T12:17:20.950Z", "user": 3, "content_type": 4, "object_id": "6", "object_repr": "dima", "action_flag": 2, "change_message": "[{\"changed\": {\"fields\": [\"Email address\"]}}]"}}, {"model": "admin.logentry", "pk": 54, "fields": {"action_time": "2025-03-26T13:55:37.746Z", "user": 3, "content_type": 4, "object_id": "16", "object_repr": "kolya", "action_flag": 2, "change_message": "[{\"changed\": {\"fields\": [\"Email address\"]}}]"}}, {"model": "admin.logentry", "pk": 55, "fields": {"action_time": "2025-03-26T14:01:18.322Z", "user": 3, "content_type": 4, "object_id": "16", "object_repr": "kolya", "action_flag": 2, "change_message": "[{\"changed\": {\"fields\": [\"Email address\"]}}]"}}, {"model": "admin.logentry", "pk": 56, "fields": {"action_time": "2025-03-26T14:09:26.727Z", "user": 3, "content_type": 4, "object_id": "16", "object_repr": "kolya", "action_flag": 2, "change_message": "[{\"changed\": {\"fields\": [\"Email address\"]}}]"}}, {"model": "admin.logentry", "pk": 57, "fields": {"action_time": "2025-03-27T06:57:28.742Z", "user": 3, "content_type": 4, "object_id": "3", "object_repr": "admin", "action_flag": 2, "change_message": "[{\"changed\": {\"fields\": [\"Email address\"]}}]"}}, {"model": "admin.logentry", "pk": 58, "fields": {"action_time": "2025-03-27T06:57:42.532Z", "user": 3, "content_type": 4, "object_id": "17", "object_repr": "arekabu", "action_flag": 3, "change_message": ""}}, {"model": "admin.logentry", "pk": 59, "fields": {"action_time": "2025-03-27T07:26:17.641Z", "user": 3, "content_type": 4, "object_id": "18", "object_repr": "arekabu", "action_flag": 3, "change_message": ""}}, {"model": "admin.logentry", "pk": 60, "fields": {"action_time": "2025-03-27T07:39:23.290Z", "user": 3, "content_type": 4, "object_id": "19", "object_repr": "arekabu", "action_flag": 3, "change_message": ""}}, {"model": "admin.logentry", "pk": 61, "fields": {"action_time": "2025-03-27T09:59:41.485Z", "user": 3, "content_type": 9, "object_id": "73", "object_repr": "887799\n Это новость 66666666666666666666666666666666666666666666666666", "action_flag": 3, "change_message": ""}}, {"model": "admin.logentry", "pk": 62, "fields": {"action_time": "2025-03-27T09:59:41.485Z", "user": 3, "content_type": 9, "object_id": "72", "object_repr": "7777777777\n Это новость 66666666666666666666666666666666666666666666666666", "action_flag": 3, "change_message": ""}}, {"model": "admin.logentry", "pk": 63, "fields": {"action_time": "2025-03-27T09:59:41.485Z", "user": 3, "content_type": 9, "object_id": "71", "object_repr": "66666666\n Это новость 66666666666666666666666666666666666666666666666666", "action_flag": 3, "change_message": ""}}, {"model": "admin.logentry", "pk": 64, "fields": {"action_time": "2025-03-27T09:59:41.486Z", "user": 3, "content_type": 9, "object_id": "70", "object_repr": "Новость5\n Это новость номер 5 Это новость номер 5Это новость номер 5Это новость номер 5Это новость номер 5Это новость номер 5Это новость номер 5Это новость номер 5Это новость номер 5Это новость номер ", "action_flag": 3, "change_message": ""}}, {"model": "admin.logentry", "pk": 65, "fields": {"action_time": "2025-03-27T09:59:41.486Z", "user": 3, "content_type": 9, "object_id": "69", "object_repr": "Новость4\n Это новость номер 4 Это новость номер 4 Это новость номер 4 Это новость номер 4 Это новость номер 4 Это новость номер 4 Это новость номер 4 Это новость номер 4 Это новость номер 4 Это новост", "action_flag": 3, "change_message": ""}}, {"model": "admin.logentry", "pk": 66, "fields": {"action_time": "2025-03-27T09:59:41.486Z", "user": 3, "content_type": 9, "object_id": "68", "object_repr": "Новость3\n Это новость номер 3 Это новость номер 3Это новость номер 3Это новость номер 3Это новость номер 3Это новость номер 3Это новость номер 3Это новость номер 3Это новость номер 3Это новость номер ", "action_flag": 3, "change_message": ""}}, {"model": "admin.logentry", "pk": 67, "fields": {"action_time": "2025-03-27T10:02:56.107Z", "user": 3, "content_type": 9, "object_id": "66", "object_repr": "Новость1\n Это новость номер 1 Это новость номер 1Это новость номер 1Это новость номер 1Это новость номер 1Это новость номер 1Это новость номер 1", "action_flag": 3, "change_message": ""}}, {"model": "admin.logentry", "pk": 68, "fields": {"action_time": "2025-03-27T10:59:23.739Z", "user": 3, "content_type": 9, "object_id": "76", "object_repr": "654654654654\n dfggasdgasdgasdgga  asdg adg 6a4sdg 65ads4g 6asds ga sgdg a", "action_flag": 3, "change_message": ""}}, {"model": "admin.logentry", "pk": 69, "fields": {"action_time": "2025-03-27T10:59:23.739Z", "user": 3, "content_type": 9, "object_id": "75", "object_repr": "Новость 4 я\n Новость 4 я Новость 4 я Новость 4 я Новость 4 я Новость 4 я Новость 4 я Новость 4 я Новость 4 я Новость 4 я Новость 4 я Новость 4 я Новость 4 я Новость 4 я Новость 4 я", "action_flag": 3, "change_message": ""}}, {"model": "admin.logentry", "pk": 70, "fields": {"action_time": "2025-04-02T06:56:23.348Z", "user": 3, "content_type": 4, "object_id": "20", "object_repr": "Petya", "action_flag": 2, "change_message": "[{\"changed\": {\"fields\": [\"Username\"]}}]"}}, {"model": "admin.logentry", "pk": 71, "fields": {"action_time": "2025-04-02T06:56:43.878Z", "user": 3, "content_type": 4, "object_id": "7", "object_repr": "vasya", "action_flag": 2, "change_message": "[{\"changed\": {\"fields\": [\"Email address\"]}}]"}}, {"model": "admin.logentry", "pk": 72, "fields": {"action_time": "2025-04-02T07:29:47.722Z", "user": 3, "content_type": 9, "object_id": "79", "object_repr": "With Celery 1\n With Celery 1 With Celery 1 With Celery 1 With Celery 1 With Celery 1 With Celery 1 With Celery 1 With Celery 1 With Celery 1 With Celery 1 With Celery 1 With Celery 1 With Celery 1 Wit", "action_flag": 3, "change_message": ""}}, {"model": "admin.logentry", "pk": 73, "fields": {"action_time": "2025-04-02T07:29:47.722Z", "user": 3, "content_type": 9, "object_id": "78", "object_repr": "Before Celery 2\n Before Celery Before Celery Before Celery Before Celery Before Celery Before Celery Before Celery Before Celery Before Celery Before Celery Before Celery Before Celery Before Celery B", "action_flag": 3, "change_message": ""}}, {"model": "admin.logentry", "pk": 74, "fields": {"action_time": "2025-04-02T07:29:47.722Z", "user": 3, "content_type": 9, "object_id": "77", "object_repr": "Before Celery\n Before Celery Before Celery Before Celery Before Celery Before Celery Before Celery Before Celery Before Celery Before Celery Before Celery Before Celery Before Celery Before Celery Bef", "action_flag": 3, "change_message": ""}}, {"model": "admin.logentry", "pk": 75, "fields": {"action_time": "2025-04-02T07:32:58.424Z", "user": 3, "content_type": 9, "object_id": "82", "object_repr": "With Celery 1\n With Celery 1 With Celery 1 With Celery 1 With Celery 1 With Celery 1 With Celery 1 With Celery 1 With Celery 1 With Celery 1 With Celery 1 With Celery 1 With Celery 1 With Celery 1 Wit", "action_flag": 3, "change_message": ""}}, {"model": "admin.logentry", "pk": 76, "fields": {"action_time": "2025-04-02T07:32:58.425Z", "user": 3, "content_type": 9, "object_id": "81", "object_repr": "With Celery 1\n With Celery 1 With Celery 1 With Celery 1 With Celery 1 With Celery 1 With Celery 1 With Celery 1 With Celery 1 With Celery 1 With Celery 1 With Celery 1 With Celery 1 With Celery 1 Wit", "action_flag": 3, "change_message": ""}}, {"model": "admin.logentry", "pk": 77, "fields": {"action_time": "2025-04-02T07:32:58.425Z", "user": 3, "content_type": 9, "object_id": "80", "object_repr": "With Celery 1\n With Celery 1 With Celery 1 With Celery 1 With Celery 1 With Celery 1 With Celery 1 With Celery 1 With Celery 1 With Celery 1 With Celery 1 With Celery 1 With Celery 1 With Celery 1 Wit", "action_flag": 3, "change_message": ""}}, {"model": "admin.logentry", "pk": 78, "fields": {"action_time": "2025-04-02T07:38:14.198Z", "user": 3, "content_type": 9, "object_id": "85", "object_repr": "With Celery 1\n With Celery 1 With Celery 1 With Celery 1 With Celery 1 With Celery 1 With Celery 1 With Celery 1 With Celery 1 With Celery 1 With Celery 1 With Celery 1 With Celery 1 With Celery 1 Wit", "action_flag": 3, "change_message": ""}}, {"model": "admin.logentry", "pk": 79, "fields": {"action_time": "2025-04-02T07:38:14.198Z", "user": 3, "content_type": 9, "object_id": "84", "object_repr": "With Celery 1\n With Celery 1 With Celery 1 With Celery 1 With Celery 1 With Celery 1 With Celery 1 With Celery 1 With Celery 1 With Celery 1 With Celery 1 With Celery 1 With Celery 1 With Celery 1 Wit", "action_flag": 3, "change_message": ""}}, {"model": "admin.logentry", "pk": 80, "fields": {"action_time": "2025-04-02T07:38:14.198Z", "user": 3, "content_type": 9, "object_id": "83", "object_repr": "With Celery 1\n With Celery 1 With Celery 1 With Celery 1 With Celery 1 With Celery 1 With Celery 1 With Celery 1 With Celery 1 With Celery 1 With Celery 1 With Celery 1 With Celery 1 With Celery 1 Wit", "action_flag": 3, "change_message": ""}}, {"model": "admin.logentry", "pk": 81, "fields": {"action_time": "2025-04-02T07:42:27.492Z", "user": 3, "content_type": 9, "object_id": "88", "object_repr": "With Celery 1\n With Celery 1 With Celery 1 With Celery 1 With Celery 1 With Celery 1 With Celery 1 With Celery 1 With Celery 1 With Celery 1 With Celery 1 With Celery 1 With Celery 1 With Celery 1 Wit", "action_flag": 3, "change_message": ""}}, {"model": "admin.logentry", "pk": 82, "fields": {"action_time": "2025-04-02T07:42:27.492Z", "user": 3, "content_type": 9, "object_id": "87", "object_repr": "With Celery 1\n With Celery 1 With Celery 1 With Celery 1 With Celery 1 With Celery 1 With Celery 1 With Celery 1 With Celery 1 With Celery 1 With Celery 1 With Celery 1 With Celery 1 With Celery 1 Wit", "action_flag": 3, "change_message": ""}}, {"model": "admin.logentry", "pk": 83, "fields": {"action_time": "2025-04-02T07:42:27.492Z", "user": 3, "content_type": 9, "object_id": "86", "object_repr": "With Celery 1\n With Celery 1 With Celery 1 With Celery 1 With Celery 1 With Celery 1 With Celery 1 With Celery 1 With Celery 1 With Celery 1 With Celery 1 With Celery 1 With Celery 1 With Celery 1 Wit", "action_flag": 3, "change_message": ""}}, {"model": "admin.logentry", "pk": 84, "fields": {"action_time": "2025-04-02T07:47:14.315Z", "user": 3, "content_type": 9, "object_id": "91", "object_repr": "Celery Already!!!\n Please work! Please work! Please work! Please work! Please work! Please work! Please work! Please work! Please work! Please work! Please work! Please work!", "action_flag": 3, "change_message": ""}}, {"model": "admin.logentry", "pk": 85, "fields": {"action_time": "2025-04-02T07:47:14.315Z", "user": 3, "content_type": 9, "object_id": "90", "object_repr": "8888888888\n 7777777777 77777777777 7777777777777", "action_flag": 3, "change_message": ""}}, {"model": "admin.logentry", "pk": 86, "fields": {"action_time": "2025-04-02T07:47:14.315Z", "user": 3, "content_type": 9, "object_id": "89", "object_repr": "With Celery 1\n With Celery 1 With Celery 1 With Celery 1 With Celery 1 With Celery 1 With Celery 1 With Celery 1 With Celery 1 With Celery 1 With Celery 1 With Celery 1 With Celery 1 With Celery 1 Wit", "action_flag": 3, "change_message": ""}}, {"model": "admin.logentry", "pk": 87, "fields": {"action_time": "2025-04-02T07:53:52.168Z", "user": 3, "content_type": 9, "object_id": "92", "object_repr": "Celery Already!!!\n Please work! Please work! Please work! Please work! Please work! Please work! Please work! Please work! Please work! Please work! Please work! Please work!", "action_flag": 3, "change_message": ""}}, {"model": "admin.logentry", "pk": 88, "fields": {"action_time": "2025-04-02T07:53:52.168Z", "user": 3, "content_type": 9, "object_id": "74", "object_repr": "Новость №3\n Это Новость №3 Это Новость №3 Это Новость №3 Это Новость №3 Это Новость №3 Это Новость №3 Это Новость №3 Это Новость №3 Это Новость №3 Это Новость №3 Это Новость №3", "action_flag": 3, "change_message": ""}}, {"model": "admin.logentry", "pk": 89, "fields": {"action_time": "2025-04-02T07:53:52.168Z", "user": 3, "content_type": 9, "object_id": "67", "object_repr": "Новость2\n Это новость номер 2 Это новость номер 2 Это новость номер 2 Это новость номер 2 Это новость номер 2 Это новость номер 2 Это новость номер 2 Это новость номер 2 Это новость номер 2 Это новост", "action_flag": 3, "change_message": ""}}, {"model": "admin.logentry", "pk": 90, "fields": {"action_time": "2025-04-02T08:02:55.804Z", "user": 3, "content_type": 9, "object_id": "95", "object_repr": "Celery Already!!!\n Please work! Please work! Please work! Please work! Please work! Please work! Please work! Please work! Please work! Please work! Please work! Please work!", "action_flag": 3, "change_message": ""}}, {"model": "admin.logentry", "pk": 91, "fields": {"action_time": "2025-04-02T08:02:55.804Z", "user": 3, "content_type": 9, "object_id": "94", "object_repr": "Celery Already!!!\n Please work! Please work! Please work! Please work! Please work! Please work! Please work! Please work! Please work! Please work! Please work! Please work!", "action_flag": 3, "change_message": ""}}, {"model": "admin.logentry", "pk": 92, "fields": {"action_time": "2025-04-02T08:02:55.804Z", "user": 3, "content_type": 9, "object_id": "93", "object_repr": "Celery Already!!!\n Please work! Please work! Please work! Please work! Please work! Please work! Please work! Please work! Please work! Please work! Please work! Please work!", "action_flag": 3, "change_message": ""}}, {"model": "admin.logentry", "pk": 93, "fields": {"action_time": "2025-04-02T08:08:15.668Z", "user": 3, "content_type": 9, "object_id": "98", "object_repr": "Celery Already!!!\n Please work! Please work! Please work! Please work! Please work! Please work! Please work! Please work! Please work! Please work! Please work! Please work!", "action_flag": 3, "change_message": ""}}, {"model": "admin.logentry", "pk": 94, "fields": {"action_time": "2025-04-02T08:08:15.668Z", "user": 3, "content_type": 9, "object_id": "97", "object_repr": "Celery Already!!!\n Please work! Please work! Please work! Please work! Please work! Please work! Please work! Please work! Please work! Please work! Please work! Please work!", "action_flag": 3, "change_message": ""}}, {"model": "admin.logentry", "pk": 95, "fields": {"action_time": "2025-04-02T08:08:15.668Z", "user": 3, "content_type": 9, "object_id": "96", "object_repr": "Celery Already!!!\n Please work! Please work! Please work! Please work! Please work! Please work! Please work! Please work! Please work! Please work! Please work! Please work!", "action_flag": 3, "change_message": ""}}, {"model": "admin.logentry", "pk": 96, "fields": {"action_time": "2025-04-02T08:09:55.785Z", "user": 3, "content_type": 9, "object_id": "99", "object_repr": "Celery Already!!!\n Please work! Please work! Please work! Please work! Please work! Please work! Please work! Please work! Please work! Please work! Please work! Please work!", "action_flag": 3, "change_message": ""}}, {"model": "admin.logentry", "pk": 97, "fields": {"action_time": "2025-04-02T08:39:44.415Z", "user": 3, "content_type": 9, "object_id": "102", "object_repr": "Celery Already!!!\n Please work! Please work! Please work! Please work! Please work! Please work! Please work! Please work! Please work! Please work! Please work! Please work!", "action_flag": 3, "change_message": ""}}, {"model": "admin.logentry", "pk": 98, "fields": {"action_time": "2025-04-02T08:39:44.416Z", "user": 3, "content_type": 9, "object_id": "101", "object_repr": "Celery Already!!!\n Please work! Please work! Please work! Please work! Please work! Please work! Please work! Please work! Please work! Please work! Please work! Please work!", "action_flag": 3, "change_message": ""}}, {"model": "admin.logentry", "pk": 99, "fields": {"action_time": "2025-04-02T08:39:44.416Z", "user": 3, "content_type": 9, "object_id": "100", "object_repr": "Celery Already!!!\n Please work! Please work! Please work! Please work! Please work! Please work! Please work! Please work! Please work! Please work! Please work! Please work!", "action_flag": 3, "change_message": ""}}, {"model": "admin.logentry", "pk": 100, "fields": {"action_time": "2025-04-02T08:40:51.229Z", "user": 3, "content_type": 9, "object_id": "103", "object_repr": "Celery Already!!!\n Please work! Please work! Please work! Please work! Please work! Please work! Please work! Please work! Please work! Please work! Please work! Please work!", "action_flag": 3, "change_message": ""}}, {"model": "admin.logentry", "pk": 101, "fields": {"action_time": "2025-04-02T10:29:36.163Z", "user": 3, "content_type": 9, "object_id": "106", "object_repr": "Final!!!\n Please work! Please work! Please work! Please work! Please work! Please work! Please work! Please work! Please work! Please work! Please work! Please work!", "action_flag": 3, "change_message": ""}}, {"model": "admin.logentry", "pk": 102, "fields": {"action_time": "2025-04-02T10:29:36.163Z", "user": 3, "content_type": 9, "object_id": "105", "object_repr": "Celery Already!!!\n Please work! Please work! Please work! Please work! Please work! Please work! Please work! Please work! Please work! Please work! Please work! Please work!", "action_flag": 3, "change_message": ""}}, {"model": "admin.logentry", "pk": 103, "fields": {"action_time": "2025-04-02T10:29:36.163Z", "user": 3, "content_type": 9, "object_id": "104", "object_repr": "Celery Already!!!\n Please work! Please work! Please work! Please work! Please work! Please work! Please work! Please work! Please work! Please work! Please work! Please work!", "action_flag": 3, "change_message": ""}}, {"model": "admin.logentry", "pk": 104, "fields": {"action_time": "2025-04-07T13:39:21.100Z", "user": 3, "content_type": 9, "object_id": "107", "object_repr": "Celery final test\n Module 23 final", "action_flag": 2, "change_message": "[{\"changed\": {\"fields\": [\"Text\"]}}]"}}, {"model": "auth.permission", "pk": 1, "fields": {"name": "Can add log entry", "content_type": 1, "codename": "add_logentry"}}, {"model": "auth.permission", "pk": 2, "fields": {"name": "Can change log entry", "content_type": 1, "codename": "change_logentry"}}, {"model": "auth.permission", "pk": 3, "fields": {"name": "Can delete log entry", "content_type": 1, "codename": "delete_logentry"}}, {"model": "auth.permission", "pk": 4, "fields": {"name": "Can view log entry", "content_type": 1, "codename": "view_logentry"}}, {"model": "auth.permission", "pk": 5, "fields": {"name": "Can add permission", "content_type": 2, "codename": "add_permission"}}, {"model": "auth.permission", "pk": 6, "fields": {"name": "Can change permission", "content_type": 2, "codename": "change_permission"}}, {"model": "auth.permission", "pk": 7, "fields": {"name": "Can delete permission", "content_type": 2, "codename": "delete_permission"}}, {"model": "auth.permission", "pk": 8, "fields": {"name": "Can view permission", "content_type": 2, "codename": "view_permission"}}, {"model": "auth.permission", "pk": 9, "fields": {"name": "Can add group", "content_type": 3, "codename": "add_group"}}, {"model": "auth.permission", "pk": 10, "fields": {"name": "Can change group", "content_type": 3, "codename": "change_group"}}, {"model": "auth.permission", "pk": 11, "fields": {"name": "Can delete group", "content_type": 3, "codename": "delete_group"}}, {"model": "auth.permission", "pk": 12, "fields": {"name": "Can view group", "content_type": 3, "codename": "view_group"}}, {"model": "auth.permission", "pk": 13, "fields": {"name": "Can add user", "content_type": 4, "codename": "add_user"}}, {"model": "auth.permission", "pk": 14, "fields": {"name": "Can change user", "content_type": 4, "codename": "change_user"}}, {"model": "auth.permission", "pk": 15, "fields": {"name": "Can delete user", "content_type": 4, "codename": "delete_user"}}, {"model": "auth.permission", "pk": 16, "fields": {"name": "Can view user", "content_type": 4, "codename": "view_user"}}, {"model": "auth.permission", "pk": 17, "fields": {"name": "Can add content type", "content_type": 5, "codename": "add_contenttype"}}, {"model": "auth.permission", "pk": 18, "fields": {"name": "Can change content type", "content_type": 5, "codename": "change_contenttype"}}, {"model": "auth.permission", "pk": 19, "fields": {"name": "Can delete content type", "content_type": 5, "codename": "delete_contenttype"}}, {"model": "auth.permission", "pk": 20, "fields": {"name": "Can view content type", "content_type": 5, "codename": "view_contenttype"}}, {"model": "auth.permission", "pk": 21, "fields": {"name": "Can add session", "content_type": 6, "codename": "add_session"}}, {"model": "auth.permission", "pk": 22, "fields": {"name": "Can change session", "content_type": 6, "codename": "change_session"}}, {"model": "auth.permission", "pk": 23, "fields": {"name": "Can delete session", "content_type": 6, "codename": "delete_session"}}, {"model": "auth.permission", "pk": 24, "fields": {"name": "Can view session", "content_type": 6, "codename": "view_session"}}, {"model": "auth.permission", "pk": 25, "fields": {"name": "Can add category", "content_type": 7, "codename": "add_category"}}, {"model": "auth.permission", "pk": 26, "fields": {"name": "Can change category", "content_type": 7, "codename": "change_category"}}, {"model": "auth.permission", "pk": 27, "fields": {"name": "Can delete category", "content_type": 7, "codename": "delete_category"}}, {"model": "auth.permission", "pk": 28, "fields": {"name": "Can view category", "content_type": 7, "codename": "view_category"}}, {"model": "auth.permission", "pk": 29, "fields": {"name": "Can add post category", "content_type": 8, "codename": "add_postcategory"}}, {"model": "auth.permission", "pk": 30, "fields": {"name": "Can change post category", "content_type": 8, "codename": "change_postcategory"}}, {"model": "auth.permission", "pk": 31, "fields": {"name": "Can delete post category", "content_type": 8, "codename": "delete_postcategory"}}, {"model": "auth.permission", "pk": 32, "fields": {"name": "Can view post category", "content_type": 8, "codename": "view_postcategory"}}, {"model": "auth.permission", "pk": 33, "fields": {"name": "Can add post", "content_type": 9, "codename": "add_post"}}, {"model": "auth.permission", "pk": 34, "fields": {"name": "Can change post", "content_type": 9, "codename": "change_post"}}, {"model": "auth.permission", "pk": 35, "fields": {"name": "Can delete post", "content_type": 9, "codename": "delete_post"}}, {"model": "auth.permission", "pk": 36, "fields": {"name": "Can view post", "content_type": 9, "codename": "view_post"}}, {"model": "auth.permission", "pk": 37, "fields": {"name": "Can add author", "content_type": 10, "codename": "add_author"}}, {"model": "auth.permission", "pk": 38, "fields": {"name": "Can change author", "content_type": 10, "codename": "change_author"}}, {"model": "auth.permission", "pk": 39, "fields": {"name": "Can delete author", "content_type": 10, "codename": "delete_author"}}, {"model": "auth.permission", "pk": 40, "fields": {"name": "Can view author", "content_type": 10, "codename": "view_author"}}, {"model": "auth.permission", "pk": 41, "fields": {"name": "Can add comment", "content_type": 11, "codename": "add_comment"}}, {"model": "auth.permission", "pk": 42, "fields": {"name": "Can change comment", "content_type": 11, "codename": "change_comment"}}, {"model": "auth.permission", "pk": 43, "fields": {"name": "Can delete comment", "content_type": 11, "codename": "delete_comment"}}, {"model": "auth.permission", "pk": 44, "fields": {"name": "Can view comment", "content_type": 11, "codename": "view_comment"}}, {"model": "auth.permission", "pk": 45, "fields": {"name": "Can add site", "content_type": 12, "codename": "add_site"}}, {"model": "auth.permission", "pk": 46, "fields": {"name": "Can change site", "content_type": 12, "codename": "change_site"}}, {"model": "auth.permission", "pk": 47, "fields": {"name": "Can delete site", "content_type": 12, "codename": "delete_site"}}, {"model": "auth.permission", "pk": 48, "fields": {"name": "Can view site", "content_type": 12, "codename": "view_site"}}, {"model": "auth.permission", "pk": 49, "fields": {"name": "Can add flat page", "content_type": 13, "codename": "add_flatpage"}}, {"model": "auth.permission", "pk": 50, "fields": {"name": "Can change flat page", "content_type": 13, "codename": "change_flatpage"}}, {"model": "auth.permission", "pk": 51, "fields": {"name": "Can delete flat page", "content_type": 13, "codename": "delete_flatpage"}}, {"model": "auth.permission", "pk": 52, "fields": {"name": "Can view flat page", "content_type": 13, "codename": "view_flatpage"}}, {"model": "auth.permission", "pk": 53, "fields": {"name": "Can add email address", "content_type": 14, "codename": "add_emailaddress"}}, {"model": "auth.permission", "pk": 54, "fields": {"name": "Can change email address", "content_type": 14, "codename": "change_emailaddress"}}, {"model": "auth.permission", "pk": 55, "fields": {"name": "Can delete email address", "content_type": 14, "codename": "delete_emailaddress"}}, {"model": "auth.permission", "pk": 56, "fields": {"name": "Can view email address", "content_type": 14, "codename": "view_emailaddress"}}, {"model": "auth.permission", "pk": 57, "fields": {"name": "Can add email confirmation", "content_type": 15, "codename": "add_emailconfirmation"}}, {"model": "auth.permission", "pk": 58, "fields": {"name": "Can change email confirmation", "content_type": 15, "codename": "change_emailconfirmation"}}, {"model": "auth.permission", "pk": 59, "fields": {"name": "Can delete email confirmation", "content_type": 15, "codename": "delete_emailconfirmation"}}, {"model": "auth.permission", "pk": 60, "fields": {"name": "Can view email confirmation", "content_type": 15, "codename": "view_emailconfirmation"}}, {"model": "auth.permission", "pk": 61, "fields": {"name": "Can add social account", "content_type": 16, "codename": "add_socialaccount"}}, {"model": "auth.permission", "pk": 62, "fields": {"name": "Can change social account", "content_type": 16, "codename": "change_socialaccount"}}, {"model": "auth.permission", "pk": 63, "fields": {"name": "Can delete social account", "content_type": 16, "codename": "delete_socialaccount"}}, {"model": "auth.permission", "pk": 64, "fields": {"name": "Can view social account", "content_type": 16, "codename": "view_socialaccount"}}, {"model": "auth.permission", "pk": 65, "fields": {"name": "Can add social application", "content_type": 17, "codename": "add_socialapp"}}, {"model": "auth.permission", "pk": 66, "fields": {"name": "Can change social application", "content_type": 17, "codename": "change_socialapp"}}, {"model": "auth.permission", "pk": 67, "fields": {"name": "Can delete social application", "content_type": 17, "codename": "delete_socialapp"}}, {"model": "auth.permission", "pk": 68, "fields": {"name": "Can view social application", "content_type": 17, "codename": "view_socialapp"}}, {"model": "auth.permission", "pk": 69, "fields": {"name": "Can add social application token", "content_type": 18, "codename": "add_socialtoken"}}, {"model": "auth.permission", "pk": 70, "fields": {"name": "Can change social application token", "content_type": 18, "codename": "change_socialtoken"}}, {"model": "auth.permission", "pk": 71, "fields": {"name": "Can delete social application token", "content_type": 18, "codename": "delete_socialtoken"}}, {"model": "auth.permission", "pk": 72, "fields": {"name": "Can view social application token", "content_type": 18, "codename": "view_socialtoken"}}, {"model": "auth.permission", "pk": 73, "fields": {"name": "Can add django job", "content_type": 19, "codename": "add_djangojob"}}, {"model": "auth.permission", "pk": 74, "fields": {"name": "Can change django job", "content_type": 19, "codename": "change_djangojob"}}, {"model": "auth.permission", "pk": 75, "fields": {"name": "Can delete django job", "content_type": 19, "codename": "delete_djangojob"}}, {"model": "auth.permission", "pk": 76, "fields": {"name": "Can view django job", "content_type": 19, "codename": "view_djangojob"}}, {"model": "auth.permission", "pk": 77, "fields": {"name": "Can add django job execution", "content_type": 20, "codename": "add_djangojobexecution"}}, {"model": "auth.permission", "pk": 78, "fields": {"name": "Can change django job execution", "content_type": 20, "codename": "change_djangojobexecution"}}, {"model": "auth.permission", "pk": 79, "fields": {"name": "Can delete django job execution", "content_type": 20, "codename": "delete_djangojobexecution"}}, {"model": "auth.permission", "pk": 80, "fields": {"name": "Can view django job execution", "content_type": 20, "codename": "view_djangojobexecution"}}, {"model": "auth.group", "pk": 1, "fields": {"name": "common", "permissions": []}}, {"model": "auth.group", "pk": 2, "fields": {"name": "authors", "permissions": [33, 34]}}, {"model": "auth.user", "pk": 1, "fields": {"password": "pbkdf2_sha256$870000$yY2RWLCzcXos3gUJ3kaNen$jwG59UE1H34iRCKjCWKiHOdGeEjox7Vle3QCh1zUeY0=", "last_login": null, "is_superuser": false, "username": "Vinnie", "first_name": "", "last_name": "", "email": "", "is_staff": false, "is_active": true, "date_joined": "2025-02-28T21:19:33Z", "groups": [1, 2], "user_permissions": []}}, {"model": "auth.user", "pk": 2, "fields": {"password": "pbkdf2_sha256$870000$cWgR6tAo0HggmKRNNhcPUJ$NTib58WABMbjrWyPLEEgxNVCcIERs6987ddN2RD3hYg=", "last_login": null, "is_superuser": false, "username": "Modo", "first_name": "", "last_name": "", "email": "", "is_staff": false, "is_active": true, "date_joined": "2025-02-28T21:22:23Z", "groups": [1, 2], "user_permissions": []}}, {"model": "auth.user", "pk": 3, "fields": {"password": "pbkdf2_sha256$870000$l6qiaeqUfm8BsD89b7tNQ3$fgHhv0LDBp9Tqg52c9cebMr58ESLR0HGEmKZDtvPmto=", "last_login": "2025-04-27T12:59:21.258Z", "is_superuser": true, "username": "admin", "first_name": "", "last_name": "", "email": "admin@newby.ru", "is_staff": true, "is_active": true, "date_joined": "2025-03-03T18:47:46Z", "groups": [2], "user_permissions": []}}, {"model": "auth.user", "pk": 4, "fields": {"password": "pbkdf2_sha256$870000$iCaoV8nj3QgSAU4eFIdcPC$5Z+d0ZYo7Qry03bxX4jnE0DZmfmvaKXAjV0qwRCWDag=", "last_login": null, "is_superuser": false, "username": "Throttle", "first_name": "", "last_name": "", "email": "", "is_staff": false, "is_active": true, "date_joined": "2025-03-04T13:46:45Z", "groups": [1, 2], "user_permissions": []}}, {"model": "auth.user", "pk": 5, "fields": {"password": "pbkdf2_sha256$870000$HEJdImrRYSwlUXch2pcqBp$WB5BneiQBcdNf3wmoy/vFF7w0GL0r9r6LeMU1eUzkfw=", "last_login": null, "is_superuser": false, "username": "Charlene", "first_name": "", "last_name": "", "email": "", "is_staff": false, "is_active": true, "date_joined": "2025-03-12T06:53:12Z", "groups": [1, 2], "user_permissions": []}}, {"model": "auth.user", "pk": 6, "fields": {"password": "pbkdf2_sha256$870000$47Ut1GmnMwHIFhxnSxx9kf$FHC1GDY1dvQWBwvyIhhim+tx76B6ICWBimnSyfBzSOU=", "last_login": "2025-04-27T12:33:51.703Z", "is_superuser": false, "username": "dima", "first_name": "", "last_name": "", "email": "newbyteas@yandex.ru", "is_staff": false, "is_active": true, "date_joined": "2025-03-18T13:27:16Z", "groups": [1, 2], "user_permissions": []}}, {"model": "auth.user", "pk": 7, "fields": {"password": "pbkdf2_sha256$870000$Idc1RpVJ3MZ0znjziQKpve$BLUIhIV+Ic9HXQIWfLoIDpdz8IbjXK7aGT7b3B2MKTQ=", "last_login": "2025-03-27T06:14:19Z", "is_superuser": false, "username": "vasya", "first_name": "", "last_name": "", "email": "newbyteas@ya.ru", "is_staff": false, "is_active": true, "date_joined": "2025-03-19T07:33:07Z", "groups": [1], "user_permissions": []}}, {"model": "auth.user", "pk": 16, "fields": {"password": "pbkdf2_sha256$870000$cCuwDKp2TLJ9WnJZsEUJ4B$LzDkAGMg3LwprKslQdn9iK4kSYH65D2msdRZDyqxVHA=", "last_login": "2025-03-26T13:56:09Z", "is_superuser": false, "username": "kolya", "first_name": "", "last_name": "", "email": "arekabu@ro.ru", "is_staff": false, "is_active": true, "date_joined": "2025-03-19T10:53:06Z", "groups": [1], "user_permissions": []}}, {"model": "auth.user", "pk": 20, "fields": {"password": "pbkdf2_sha256$870000$TWqLGJCwXPVEarjr0KiZvI$7yEgHfjwml1hpdr5OPdfAHLqVEaWwAJBKMzeU1hggN4=", "last_login": "2025-03-27T07:41:25Z", "is_superuser": false, "username": "Petya", "first_name": "", "last_name": "", "email": "arekabu@ya.ru", "is_staff": false, "is_active": true, "date_joined": "2025-03-27T07:39:52Z", "groups": [1], "user_permissions": []}}, {"model": "sessions.session", "pk": "44iam301jkq95yolxzug59jdye4xmfyj", "fields": {"session_data": ".eJyNUl2PmzAQ_C9-RgRigwNP1_6NU2Ut9hKsOAb5465RlP_ehUNtoz6kTyw74_F4du8MtJ6zTwpymtAnqyHZ2asrpmk2kfXvd_ZVs54tEOPnHAwrGCTW11KIih870ZZNJ7uKy4LhFawjKpir9W_xYp0bQac53MqQ2aN4pcYrwcumEqI-tS_VfhS_7bv5bD3r7yxHDGq50CHOdgH1gcGO-8sIuII3sIoQIdqzzwvrR3ARCxbQ2IA6qRzWew8QKBGH8VBX8kBYOrBXrr40wanLJ4QzJeizc9RMkHA1SMUZ41ptntVwU3o2G0SugL6Pgk1k0SGllEJG-t9ecFPLNPv_Y-4e_zAJ0jkEGjE5fyKtkPU2WTJo1L-jOJ44MVTEGNfNwJ-Lpej6inrr0qgtcWv2xP_qDaAv6FcAnFvb5T6tcuPscCy_Pa3e9_3Uk9QEcSIdgUZwqXXXHaGtB9EOzcBbCdBoKbHhJ5SVGbCpoYNKi7HRbc2PYIRou9F0LXv8AhfW_4E:1u1mgb:DNqr_BB3c7Qwax2Z0HBV8Ruz5zqFH4sLlxUfhJBZrHE", "expire_date": "2025-04-21T13:38:49.327Z"}}, {"model": "sessions.session", "pk": "5dqjo43fo027cbt0fv4ujpu8dqtujl4i", "fields": {"session_data": ".eJxVUEGOgzAQ-8ucEZqEhBRO2_3GqkKTZBBoaahIUIuq_r2bLhduI9tjW34COTevIXW0poFDGh2lcQ7dldMw-wjtzxP-b2jhRjHe58VDAZSgFUZVKFRTYynQiEaLAvhK4_QnDXy3W2KKXxsFz49yWeF1KeCT062Rl27MljUcMEvul0MmaJoyXO79yo9mp2N5PrT93r8OVgPFIQc477WwtWAmQaibylBTOaPQ94p6qbVTEk_Yk0S2veyRvDbmJBBtoyVm08gx5lH4cRuXDVp8vQGjXGiz:1txVoW:yCWOXlpIZRRqAkpRFOmY6yeICme0kAL92anSj9KDTW0", "expire_date": "2025-04-09T18:49:20.115Z"}}, {"model": "sessions.session", "pk": "7mstdm15jh0vqjpimvnoymy6358urods", "fields": {"session_data": ".eJwlzUEKwyAQQNG7zFpCTBMMrnqPUmRQS4YaDc5IG0Lu3pbu_uLBPwC9Ly2LwyZLzEIehUp2a5SlBAZ7O-DfYGFD5lepARSggNVmHPthmvSlM4PRZp4VxBUpfSmGlfKVn5TSA72Uune1wXlX4Dgy_xbxvVHdwfbnB1kOLik:1u1lHH:X6-12G9D_0zFmeSi2mLIJ3XPWvSSFZWt-bM78216FvU", "expire_date": "2025-04-21T12:08:35.006Z"}}, {"model": "sessions.session", "pk": "83mduzz573x8aex6w62n0b13ele40339", "fields": {"session_data": ".eJxVUEFugzAQ_MueEVobGwOnpt-oKrS2F4FKTISNEhTl761TLtxWM7Mzo3kCObdsIfW0pZFDmhylaQn9ldO4-Ajd1xP-b-jgRjHel9VDAZSgE0ZVaNq6aUoppNKVKoCvNM1_0sB3uyem-LFT8Pwo1w1e3wW8c_ot8tpP2bKGE2bJ_XDIBM1zhsujX_nWHHQsL6e2n8fXyWqkOOYA570WthbMJAh1WxlqK2cU-kHRILV2SmKDA0lkO8gByWtjGoFoWy0xm0aOMY_Cj9u07tDh6xexu2jC:1txmeW:JRcrFEdeGTaM_jlgWOAnof9W6wAKbvsnQk8CYeGsUZ4", "expire_date": "2025-04-10T12:48:08.301Z"}}, {"model": "sessions.session", "pk": "8edbl5b75b53eaq8ffslxiiijcwiukkc", "fields": {"session_data": ".eJxVjMEOwiAQRP-FsyGlLCDe7I80y7INxIYmAifjv9uaHvQ4b2beS8zYW5p75eeco7gJLS6_LCA9uBwFruuBJRJtvTT53Zx1lfc9cWmZsOWtTOfrT5Wwpt0DHEE7Iu9HtCqADSZo6xANOcdGX9kNMbBR6HEgWAxZpUeMANYv0Vvx_gDDezyA:1u91bN:6t5NEtVI-RWgnGoTZ_0EML10obr7lltmRFa11HXBr_k", "expire_date": "2025-05-11T12:59:21.262Z"}}, {"model": "sessions.session", "pk": "9cuwbz6nqrzfj38yihkyz6qjv8vn0amq", "fields": {"session_data": ".eJxVkM1ugzAQhN9lz8jC4B_MqelrVBVa7EVYMXaEjdooyrs3pFy4rWZmvx3tA9DatMUy4FZmisVbLD7FYaEyJ5eh_3rA_ww93DDnn7Q6qAAL9FyLpquFrA3jopOcNxXQgj68ougWHz_y1YcwoS1pvbN1g-d3Be9Lw5ZpHfwObeGkjWivFHcDQ9hldjRk78xhZ3Y59f08tk6oGfP84ghyotXWGtOg4qNQoxxbpRGl1Zpk25Gu3UiSo8HaiklaxdsGnRDKTM6oHZop5_0t9Hvz6x36-vkHjF9p0g:1twd49:LqJF4KVRY6dxC0b-oLFsTFozLZAMFsaok6A_5AmN7P4", "expire_date": "2025-04-07T08:21:49.242Z"}}, {"model": "sessions.session", "pk": "btcby92ucqr2ehmxn2f9jfn7x4egqvia", "fields": {"session_data": ".eJxVkM1uwyAQhN9lzxYyGIPxqelrVJW1wFpG8U8EWG0U5d0bUl98W83MfjvaB6Bz277mAfc80ZqDwxy2dVgoT5tP0H894H-GHm6Y0s8WPVSAGXqupeiEULpmRmve6QpowTC_kuiXsH6ka5jnEV3e4p3FHZ7fFbwPDXuiOITCbOCkWXRXWouB81xkdhRk78xhJ3Y51f08tk6oCdP04kjystHOGSNQcSuVbW2jNGLrtKa26UjX3lLL0WDt5Ng6xRuBXkplRm9UgSZKqXyFfm8h3qGvn39VJWmy:1twhn5:X4EZcaHZvS_iBkYPU2dmRt-1RQ2crFyqwE0JkpuldVc", "expire_date": "2025-04-07T13:24:31.084Z"}}, {"model": "sessions.session", "pk": "cy9l0htfucm67s2iy0m8op4ro96vihjh", "fields": {"session_data": ".eJxVjDkOwjAUBe_iGllxvGFK-pzB-ltwADlSnFSIu0OkFNC-mXkvlWFbS96aLHlidVFWnX43BHpI3QHfod5mTXNdlwn1ruiDNj3MLM_r4f4dFGjlWzthZyNRSj0Egy6gRxsigKcYxduzxI5RvIEEHbnRUzC2B3YupJFTUO8P62s4DA:1tsfJA:Tls2OOBPtJxdV-jHtAAj1A5_r8j_FeIUIcDqciwlQV0", "expire_date": "2025-03-27T09:56:56.292Z"}}, {"model": "sessions.session", "pk": "fuf0w2pouhmrskap1bvtbeydkf95xn0b", "fields": {"session_data": ".eJxVjDkOwjAUBe_iGllxvGFK-pzB-ltwADlSnFSIu0OkFNC-mXkvlWFbS96aLHlidVFWnX43BHpI3QHfod5mTXNdlwn1ruiDNj3MLM_r4f4dFGjlWzthZyNRSj0Egy6gRxsigKcYxduzxI5RvIEEHbnRUzC2B3YupJFTUO8P62s4DA:1tsFsZ:4e0WvR1AkP9gVMB-DspHhROlXrCTtDgb31h7rETPgDI", "expire_date": "2025-03-26T06:47:47.489Z"}}, {"model": "sessions.session", "pk": "fwe3euur6doi78x3zkgns3ubgpxz6n5s", "fields": {"session_data": ".eJxVkMuKwzAMRf9F62Dy8KPOajq_MZQg2woxdZwSO3RK6b9P3ckmGyHulY4uegJau2wxD7jliWL2FrNf4jBTnhaXoP95wn8PPdwwpfuyOqgAM_SN4q3WpbCT1lJKUQHN6MN7FN3s41e6-hBGtHlZH2zd4HWp4HNp2BKtgy_QDg6aQXulWAwMochsT8g-M7ud2PmQ93vfOqAmTNObw8nxTlmrdYuyMVwaYTqpEIVVikR3IlU7Q6JBjbXlo7Cy6Vp0nEs9Oi0LNFFK5S30e_PrA_r69QezJmn7:1txRFm:jUnJVTczZUzZtz-tlSJ2njblPOhD7uyy3zwqHbMPP6g", "expire_date": "2025-04-09T13:57:10.006Z"}}, {"model": "sessions.session", "pk": "j1dquwowtsjvfc7tozmgaiit1gv0pv6b", "fields": {"session_data": ".eJxVUEFugzAQ_MuekbU4GBtOTb9RRWixF2EVA8JGSRXl761TLtxWM7Mzo3kCWbvsc-poTyPPyVtKfpm7wGlcXIT26wn_N7SwUoz3ZXNQACVoS11JY2rZSIFojFamAA7kpz-p84E--EFhnVjYJcDrVsA7pNsjb53PfjWcsJ7sN8-ZoGnKsDjKibfmoKO4nqp-Hl8nq5HimAOsc6rs65KZSkLVXDQ1F6srdENFg1TKVhINDiSR-0EOSE5pbUrEvlESs2nkGPMi_Fj99gMtvn4BHIBnUQ:1twyLE:vo6nQ7Sn8Ema-fXV2vQP_RASeEsJC2TsdGOWD6iUSuU", "expire_date": "2025-04-08T07:04:52.106Z"}}, {"model": "sessions.session", "pk": "lee5j26uizslc5jh5t8u75pwtadd8qfj", "fields": {"session_data": ".eJxVkM1ugzAQhN9lzwjZ4B_MqelrVBVa24uwAibCRm0U5d0bp1y4rWZmvx3tA9C5dY95wD1PFHNwmMMah4XytPoE_dcD_mfo4YYp_aybhwowQ8-1aBqjOGN11zHeyApowTC_kuiXED_SNczziC6v273ednh-V_A-NOyJtiEUZgsnzaK7UiwGznOR66Ng_c4cdqovp7qfx9YJNWGaXhxBXrTaOWMaVNwKZaVtlUaUTmuSbUeaeUuSo0HmxCid4m2DXghlRm9UgSZKqXyFfm9hu0PPnn9AiWmc:1tuUo0:nAQu223YMBkgLrnmc2AjelgSeepSTejSPnB71NRzieM", "expire_date": "2025-04-01T11:08:20.967Z"}}, {"model": "sessions.session", "pk": "m1itjun095ygxsvenemmyibq7zwjwcpk", "fields": {"session_data": ".eJxVjMEOwiAQRP-FsyGlLCDe7I80y7INxIYmAifjv9uaHvQ4b2beS8zYW5p75eeco7gJLS6_LCA9uBwFruuBJRJtvTT53Zx1lfc9cWmZsOWtTOfrT5Wwpt0DHEE7Iu9HtCqADSZo6xANOcdGX9kNMbBR6HEgWAxZpUeMANYv0Vvx_gDDezyA:1tzrye:QvP5QbZf2Yq0JftD8mZDGIUMsa32UJuKsDTNhb_Mknw", "expire_date": "2025-04-16T06:53:32.475Z"}}, {"model": "sessions.session", "pk": "qdrm1b46nnngs1h5gfw7h6zjpfm7o15q", "fields": {"session_data": ".eJxVjDkOwjAUBe_iGllxvGFK-pzB-ltwADlSnFSIu0OkFNC-mXkvlWFbS96aLHlidVFWnX43BHpI3QHfod5mTXNdlwn1ruiDNj3MLM_r4f4dFGjlWzthZyNRSj0Egy6gRxsigKcYxduzxI5RvIEEHbnRUzC2B3YupJFTUO8P62s4DA:1tpWv4:DiXJlVNCx_gXcLte1orEhb9ZxOjpoUAUmjj6v2_nW_k", "expire_date": "2025-03-18T18:23:06.807Z"}}, {"model": "sessions.session", "pk": "vh1p1x6g33jwnu2hf30002n7fpj73h0b", "fields": {"session_data": ".eJxVjDkOwjAUBe_iGllxvGFK-pzB-ltwADlSnFSIu0OkFNC-mXkvlWFbS96aLHlidVFWnX43BHpI3QHfod5mTXNdlwn1ruiDNj3MLM_r4f4dFGjlWzthZyNRSj0Egy6gRxsigKcYxduzxI5RvIEEHbnRUzC2B3YupJFTUO8P62s4DA:1tpO0o:63xk38BG4Y5I_WunRf2Gpnd9oTK5pz6DLjhhad15r-0", "expire_date": "2025-03-18T08:52:26.814Z"}}, {"model": "sessions.session", "pk": "z2bkqigpi8i3uhtp1lzct9fhii1gqfyq", "fields": {"session_data": ".eJxVjDkOwjAUBe_iGllxvGFK-pzB-ltwADlSnFSIu0OkFNC-mXkvlWFbS96aLHlidVFWnX43BHpI3QHfod5mTXNdlwn1ruiDNj3MLM_r4f4dFGjlWzthZyNRSj0Egy6gRxsigKcYxduzxI5RvIEEHbnRUzC2B3YupJFTUO8P62s4DA:1tpAph:Q6fIDWnIrbhXEZDNAP-vyN2BuDQ4ynOQh4jwb8CvS9Q", "expire_date": "2025-03-17T18:48:05.533Z"}}, {"model": "sites.site", "pk": 1, "fields": {"domain": "127.0.0.1", "name": "example.com"}}, {"model": "posts.author", "pk": 1, "fields": {"user": 1, "rating": 20}}, {"model": "posts.author", "pk": 2, "fields": {"user": 2, "rating": 6}}, {"model": "posts.author", "pk": 3, "fields": {"user": 4, "rating": 0}}, {"model": "posts.author", "pk": 4, "fields": {"user": 5, "rating": 0}}, {"model": "posts.category", "pk": 1, "fields": {"name": "биография", "subscribers": [6, 20]}}, {"model": "posts.category", "pk": 2, "fields": {"name": "животные", "subscribers": [6, 7, 20]}}, {"model": "posts.category", "pk": 3, "fields": {"name": "рецепты", "subscribers": [6, 7]}}, {"model": "posts.category", "pk": 4, "fields": {"name": "происшествия", "subscribers": [6, 16]}}, {"model": "posts.category", "pk": 5, "fields": {"name": "природа", "subscribers": [6, 16]}}, {"model": "posts.post", "pk": 1, "fields": {"author": 1, "type": "posts", "date": "2025-03-01T09:18:39.729Z", "title": "Винни", "text": "Винни (Vinnie) (21 год) — мышь-байкер с белой шерстью, едущий в группе мышей обычно с правого фланга. В отличие от его товарищей, его мотоцикл больше похож на спортбайк. По характеру смелый, бесстрашный, влюблённый в жизнь и принимающий её со всеми опасностями, а также исполненный нескончаемой энергии и уверенный в себе. Зачастую его самомнение может немного раздражать окружающих, а его импульсивность становится настоящей проблемой. Винни определённо выделяется среди братьев не только из-за его постоянного напоминания о собственном превосходстве. Он имеет отточенный, яркий характер, который контрастирует с характерами Дросселя и Модо. Они имеют тенденцию проявлять осторожность, попадая в опасные ситуации, Винни, напротив, смело рвётся вперёд, пропуская все предостережения мимо ушей. Когда Модо нетороплив и расслаблен, Винни остаётся в состоянии постоянного напряжения. Когда Дроссель мрачен, Винни беззаботен. Естественно, Винни часто затмевает обоих братьев и переводит всё внимание на себя. Если для его друзей существуют ситуации, когда они немного застенчивы, то Винни всегда остаётся нахальным и смелым. В нём пылает огонь жизни, а его сердце переполнено адреналином. Несмотря на всё это, он остаётся хорошим парнем. В результате единственной удачной (за весь сериал) атаки Чумазоида, Винни теперь обладатель метало-пластиковой маски на пол лица.", "rating": 1}}, {"model": "posts.post", "pk": 2, "fields": {"author": 2, "type": "posts", "date": "2025-03-01T09:26:08.447Z", "title": "Модо", "text": "Модо (Modo) (23 года) — мышь-байкер с серой шерстью, повязкой на глазу и стальной правой рукой. Он является основной мускульной силой команды мышей-байкеров с Марса, но, однако, ему чужды атрибуты типичных тупых качков, за малословностью скрывается живой ум, умудрённый жизненным опытом. Трудно найти более любезную и мягкую мышь, чем он. Естественно, его доброта не распространяется на плутаркианцев и крыс, которыми он с удовольствием вытер бы пол. Модо по росту на голову выше Дросселя, и уж тем более встречающихся ему людей. От вершин его антенн до кончиков пальцев его лап, Модо имеет физическую форму культуриста. Модо — один из тех персонажей, очарование которых основано на их особенностях. Он является самым сильным в команде мышей-байкеров, оставаясь при этом нежным; самым старшим, и в то же время искренним, как ребёнок. Несмотря на некоторые недостатки внешности, обладает сильнейшим шармом и неким романтизмом. Модо остаётся привязанным к дорожному образу жизни мотоциклиста, в то время как мог бы остепениться и создать семью.", "rating": 1}}, {"model": "posts.post", "pk": 3, "fields": {"author": 1, "type": "news", "date": "2025-03-01T10:02:12.238Z", "title": "Находчивый робот-доставщик сбежал от похитителей в США", "text": "Они могут показаться безобидными, когда катятся по улице с чьим-то заказом, но имейте в виду: с роботами-доставщиками еды связываться не следует. Двое воров усвоили этот урок на собственном горьком опыте. Serve Robotics занимается доставкой еды с помощью роботов-курьеров для сервиса Uber Eats в Лос-Анджелесе. В Лос-Анджелесе двое мужчин попытались, но не смогли украсть робота, которым владеет и управляет компания Serve Robotics,  сообщает 404media. Эти роботы доставляют еду для Uber Eats. Но одно злоумышленники не учли: робот был оснащен камерами и зафиксировал весь инцидент.Serve Robotics поделился отснятым материалом с Департаментом полиции Лос-Анджелеса, и полиция смогла отследить и арестовать подозреваемых, которые позже были осуждены.", "rating": 4}}, {"model": "posts.post", "pk": 4, "fields": {"author": 3, "type": "posts", "date": "2025-03-04T13:48:23.797Z", "title": "Дроссель", "text": "Дроссель (Throttle), приятный, любезный Дроссель (в некоторых переводах Тротл) (23 года) — мышь-байкер с рыжей шерстью, одетый в кожу и в очках. Дроссель чрезвычайно способный лидер команды мышей-байкеров с Марса. И в действии, и во взглядах, он наиболее успешный мотоциклист, способный отстаивать свою позицию даже в борьбе.\r\nОбучающийся с подростковых лет, чтобы стать преемником Стокера (Stoker) в качестве лидера «Борцов за свободу» (Freedom Fighters) (позже возглавляемых Карабин, девушкой Дросселя), он имеет естественный талант к управлению командой. Он берёт на себя ответственность за нахождение решения в любой ситуации. Если мыши-байкеры оказываются втянутыми в сражение, Дроссель знает, что делать, он оценивает ситуацию и выбирает наилучшую стратегию.\r\nПо характеру Дроссель находится где-то между двумя другими братьями. Он не столь гиперактивный, как Винни, и не такой спокойный и непринужденный, как Модо. Иногда этот факт уводит его на второй план по отношению к его братьям, особенно учитывая особенность Дросселя не говорить того, что не является подходящим или важным. Дроссель — единственный, кто продемонстрировал способность к телепатии — при помощи своих антенн «просветил» Чарли насчёт истории их команды при первом знакомстве.", "rating": 0}}, {"model": "posts.post", "pk": 5, "fields": {"author": 4, "type": "posts", "date": "2025-03-12T06:57:33.262Z", "title": "Чарли", "text": "Чарли (Charlene «Charley» Davidson), первый человек, повстречавший мышей-байкеров, лучший механик во всём Чикаго и одна из немногих осведомлённых о планах плутаркийцев по хищению природных ресурсов Земли. Чарли умна, изобретательна, обладает острым, как бритва, чувством юмора. Она помогает мышам-байкерам, прибывшим в Чикаго, в их сражениях против Лоуренса Лимбургера, не говоря уже о её личной борьбе с бытовыми земными трудностями.\r\n\r\nЧарли встречает мышей-байкеров ночью. Один из приспешников Лимбургера, Чумазоид, пытается её вынудить подписать договор о передаче её гаража плутаркийцам. В этот момент Винни заходит к ней в надежде найти механика, чтобы тот починил мотоцикл Дросселя. Придя к ней, он и подоспевшие вовремя братья свели шансы злодея украсть её собственность к нулю. Мыши рассказали Чарли о плутаркийцах, и она показала им, что инопланетные пришельцы давно уже были здесь. С этого дня Чарли стала самым доверенным и дорогим другом мышей-байкеров с Марса.", "rating": 0}}, {"model": "posts.post", "pk": 6, "fields": {"author": 4, "type": "posts", "date": "2025-03-12T07:33:08.835Z", "title": "Саундтрек к МБМ", "text": "В 1994 году был выпущен альбом Biker Mice From Mars: Original Soundtrack. Альбом содержит 10 композиций общей длительностью около 40 минут. Над альбомом работал американский музыкант Джефф Скотт Сото.", "rating": 0}}, {"model": "posts.post", "pk": 7, "fields": {"author": 4, "type": "posts", "date": "2025-03-12T07:34:15.102Z", "title": "Игры по МБМ", "text": "Гоночный автосимулятор, основанный на идее мультсериала был издан Konami для консоли SNES в 1994 году.\r\n\r\nКомпания Creat Studio представила на КРИ 2006 игру по мотивам сериала и получила награду в номинации Лучшая игра для игровых консолей. Она была выпущена для приставок Sony Playstation 2 и Nintendo DS.", "rating": 0}}, {"model": "posts.post", "pk": 8, "fields": {"author": 4, "type": "posts", "date": "2025-03-12T07:34:56.485Z", "title": "Планы по перезапуску МБМ", "text": "В январе 2023 года компания Nacelle сообщила, что приобрела права и планирует выпустить новую линию игрушек и перезапустить мультфильм", "rating": 0}}, {"model": "posts.post", "pk": 9, "fields": {"author": 4, "type": "posts", "date": "2025-03-12T08:15:41.105Z", "title": "1 из 7 фактов о МБМ", "text": "В серии «Rock and Ride!» фигурирует робот «Ликвидатор», который произносит фразу «Hasta la vista» перед погоней за главными героями, а в конце этой серии Дроссель подстраивает его падение в расплавленный металл, при этом робот произносит фразу «I'll be back». Эта серия — прямая ссылка на фильмы о Терминаторе.", "rating": 0}}, {"model": "posts.post", "pk": 10, "fields": {"author": 4, "type": "posts", "date": "2025-03-12T08:16:16.200Z", "title": "2 из 7 фактов о МБМ", "text": "Многие из главных актеров сериала \"Беверли-Хиллз, 90210\" появились в мультике в гостевых ролях.", "rating": 0}}, {"model": "posts.post", "pk": 11, "fields": {"author": 4, "type": "posts", "date": "2025-03-12T08:16:57.426Z", "title": "3 из 7 фактов о МБМ", "text": "Персонаж \"Злоглазый долгоносик\" был пародией на Ивела Книвела и Элвиса Пресли.", "rating": 0}}, {"model": "posts.post", "pk": 12, "fields": {"author": 4, "type": "posts", "date": "2025-03-12T08:17:41.854Z", "title": "4 из 7 фактов о МБМ", "text": "Создатели мультфильма вдохновлялись сериями \"Безумный Макс\" и \"Черепашки-ниндзя\".", "rating": 0}}, {"model": "posts.post", "pk": 13, "fields": {"author": 4, "type": "posts", "date": "2025-03-12T08:18:06.023Z", "title": "5 из 7 фактов о МБМ", "text": "Marvel Comics опубликовал серию из трех выпусков про мышей-рокеров в начале 1990-х годов.", "rating": 0}}, {"model": "posts.post", "pk": 14, "fields": {"author": 4, "type": "posts", "date": "2025-03-12T08:18:38.855Z", "title": "6 из 7 фактов о МБМ", "text": "Британский мультфильм \"Пингвины-мстители\", премьера которого состоялась в том же году, является аналогом \"Мышей-байкеров...\". Мультфильм рассказывает о трех пингвинах-велосипедистах, которые защищают Большой город и его жителей от злого безумца и ученого-затворника.", "rating": 0}}, {"model": "posts.post", "pk": 15, "fields": {"author": 4, "type": "posts", "date": "2025-03-12T08:19:39.761Z", "title": "7 из 7 фактов о МБМ", "text": "В 2006 году компания Creat Studio представила игру по мотивам сериала и получила награду в номинации \"Лучшая игра для игровых консолей\". Она была выпущена для приставок Sony Playstation 2 и Nintendo DS.", "rating": 0}}, {"model": "posts.post", "pk": 16, "fields": {"author": 1, "type": "news", "date": "2025-03-13T10:00:26.226Z", "title": "Rise of the Ronin is another crappy PC port, performance patch coming 'soon'", "text": "Widespread problems with stuttering, low frame rates, and sub-par graphics have saddled Rise of the Ronin with a \"mixed\" rating on Steam.\r\n\r\nRise of the Ronin arrived on Steam this week, a year after its debut on PlayStation 5, and I'm sorry to say it's not going well, as players are reporting serious performance problems with the game. Koei Tecmo says it's now \"investigating\" the reports and working on a patch that will hopefully \"fix or improve some of these issues.\"\r\n\r\nThere doesn't seem to be any singular, consistent issue driving the complaints, beyond that it just doesn't run well at all, even on relatively high-end PCs. Common issues include stuttering, low and inconsistent frame rates, crashes, and input delays; making matters worse, numerous players complain the game really doesn't look great, even with graphical settings cranked up. The net result is a \"mixed\" rating on Steam, where just 44% of user reviews are positive.", "rating": 0}}, {"model": "posts.post", "pk": 17, "fields": {"author": 2, "type": "news", "date": "2025-03-13T10:11:45.247Z", "title": "Spectre Divide and its studio are shutting down after just six months: 'The industry is in a tough spot right now'", "text": "The game will close within 30 days, and refunds will be granted on purchases made after the launch of season 1.\r\n\r\nFree-to-play FPS Spectre Divide will close within 30 days, and developers Mountaintop Studios will be disbanded by the end of the week. The news comes only six months after the promising 3v3 shooter launched on Steam, and just a fortnight after its first season launched alongside a new PlayStation version.\r\n\r\nIn a letter signed by Mountaintop Studios CEO Nate Mitchell and the team, low uptake since the launch of that first season is one of the reasons for the closure. \"Unfortunately, the Season 1 launch hasn't achieved the level of success we needed to sustain the game and keep Mountaintop afloat,\" the letter reads.\r\n\r\nIt also alludes to the game's player count trajectory: it debuted with around 400,000 players in its first week and a peak of 10,000 concurrents, but admits that these figures have steadily dropped since launch. On Steamcharts.com, the game has a peak of 1,083 players in February, with a 263.1 average.", "rating": 0}}, {"model": "posts.post", "pk": 18, "fields": {"author": 3, "type": "news", "date": "2025-03-13T10:12:55.575Z", "title": "Parents are suing Epic over Fortnite item shop 'FOMO' timers they say are inaccurate and manipulative", "text": "First reported by Polygon, two parents in the US are suing Epic Games over limited-time sales of Fortnite skins and cosmetics that they argue aren't really limited time at all, creating a false sense of \"FOMO\"—a term actually used in the lawsuit—for Fortnite's younger players.\r\n\r\nLike many in-game cosmetic storefronts, Fortnite will have daily or otherwise limited-time sales with live timers counting down the life of the discount.\r\n\r\nThe lawsuit alleges that, in many cases, these items \"remained available for purchase, often at the same purportedly discounted rate, for many days or even weeks at a time.\"", "rating": 0}}, {"model": "posts.post", "pk": 19, "fields": {"author": 1, "type": "news", "date": "2025-03-13T10:13:44.006Z", "title": "'Diversify your fashion endgame' with this Kingdom Come: Deliverance 2 mod that gives Henry fly new gambesons, pourpoints, and caftans", "text": "The last time I saw my version of Henry in Kingdom Come: Deliverance 2 he was covered in dirt and blood and wearing a pair of pants he stole off a corpse. Not exactly a fashion kingpin, let alone an actual king.\r\n\r\nAnd even for those who have been more successful with their Henry: he doesn't ever really exude drip, does he? As modder Laie puts it, maybe it's time to \"diversify your fashion endgame\" in KCD2.", "rating": 0}}, {"model": "posts.post", "pk": 20, "fields": {"author": 2, "type": "news", "date": "2025-03-13T10:14:16.717Z", "title": "There's hope yet for Classic Offensive after its Steam rejection: The team behind the Counter-Strike 1.6 revival mod is in touch with Valve about its 'concerns'", "text": "PC Gamer's Ted Litchfield expressed hope in January that there might be room for Valve to reconsider its rejection of Classic Offensive, an eight-years-in-the-making mod for Counter Strike: Global Offensive that aims to recreate the experience of Counter-Strike 1.6. And it's a good day for Ted, because an update posted today on X says Valve has made contact with the team over its \"concerns\" the mod may violate Steam guidelines.\r\n\r\nClassic Offensive mod team leader ZooL had been experimenting with Counter-Strike mods as far back as 2015: We first reported on Classic Offensive in 2016, and it was approved by Steam's defunct Greenlight program in 2017.\r\n\r\nWork has been continuing since, with the goal of taking the game back to something more akin to the GoldSrc era of Counter-Strike, sexed up with modern amenities and stripped of the weight of cosmetics and microtransactions that dominate CS:GO in its current form.", "rating": 0}}, {"model": "posts.post", "pk": 21, "fields": {"author": 3, "type": "news", "date": "2025-03-13T10:14:53.691Z", "title": "The best Sims 4 mods to expand your life sandbox", "text": "Whether your mods folder is empty or stuffed, this list of the best Sims 4 mods will top it off with yet more sim-life. It doesn't matter how many Sims 4 DLCs EA releases on us, modders will always be tweaking and expanding the base game with endless new fanciful visions until the much anticipated arrival of the next Sims game Project Rene.", "rating": 0}}, {"model": "posts.post", "pk": 22, "fields": {"author": 4, "type": "news", "date": "2025-03-13T10:15:55.477Z", "title": "The best Stardew Valley mods", "text": "Stardew Valley has become the king of all farming simulators, and even eight years since its release it is still being picked up by new players. It certainly helps that the game has had a consistent stream of content to keep things fresh and keep farmers on their toes, especially with the launch of the huge 1.6 update.\r\n\r\nNow, tasks on the farm and adventures that await beyond Ginger Island are never in short supply, and to make the process even more streamlined, a devoted modding community has been working away to tailor farm life to whatever needs you may have. With everything from quality-of-life adjustments to total farm re-dos, there's a whole world of mods waiting for you.", "rating": 0}}, {"model": "posts.post", "pk": 23, "fields": {"author": 1, "type": "news", "date": "2025-03-13T10:16:49.174Z", "title": "Johnny Silverhand is coming to Fortnite and yup, he's got a suitcase nuke", "text": "Fortnite is ostensibly a battle royale game in which players fight within the confines of a slowly constricting circle until only one remains. But it's more notable as a theater for pop culture crossovers: Witness, in 2024 alone, the inclusion of Lady Gaga, the Cybertruck, Kamala Harris, Skibidi Toilet, and in case you'd forgotten what time of year it is, Mariah Carey. There's no rhyme or reason to it that I can ascertain beyond \"the kids like this, right?\" (and money, of course) and so while I can't say it's not unexpected, I'm also not all that surprised that dead rockerboy-slash-terrorist Johnny Silverhand will soon join the fray.\r\n\r\n\"We're expecting some guests from Night City,\" Epic teased, and while no further details have been shared, it sure looks like both Johnny and V will be joining in on the fun.", "rating": 0}}, {"model": "posts.post", "pk": 24, "fields": {"author": 1, "type": "news", "date": "2025-03-13T12:30:48.757Z", "title": "Test News", "text": "Я тестовая новость. Удалите меня", "rating": 0}}, {"model": "posts.post", "pk": 25, "fields": {"author": 1, "type": "news", "date": "2025-03-13T12:32:55.952Z", "title": "Test News", "text": "Я тестовая новость. Удалите меня", "rating": 0}}, {"model": "posts.post", "pk": 26, "fields": {"author": 2, "type": "posts", "date": "2025-03-13T13:42:04.090Z", "title": "Я тестовая статья", "text": "Я тестовая статья. Удалите меня скорее.", "rating": 0}}, {"model": "posts.post", "pk": 27, "fields": {"author": 2, "type": "posts", "date": "2025-03-13T13:47:01.467Z", "title": "Я тестовая статья", "text": "Я тестовая статья. Удалите меня скорее.", "rating": 0}}, {"model": "posts.post", "pk": 28, "fields": {"author": 2, "type": "posts", "date": "2025-03-13T13:48:30.631Z", "title": "Я тестовая статья", "text": "Я тестовая статья. Удалите меня скорее.", "rating": 0}}, {"model": "posts.post", "pk": 29, "fields": {"author": 2, "type": "posts", "date": "2025-03-13T13:48:34.650Z", "title": "Я тестовая статья", "text": "Я тестовая статья. Удалите меня скорее.", "rating": 0}}, {"model": "posts.post", "pk": 30, "fields": {"author": 2, "type": "posts", "date": "2025-03-13T13:50:18.487Z", "title": "Я тестовая статья", "text": "Я тестовая статья. Удалите меня скорее.", "rating": 0}}, {"model": "posts.post", "pk": 31, "fields": {"author": 2, "type": "posts", "date": "2025-03-13T13:55:08.140Z", "title": "Я ещё одна тестовая статья!", "text": "Я ещё одна тестовая статья! Удалите меняяяя!!!", "rating": 0}}, {"model": "posts.post", "pk": 32, "fields": {"author": 3, "type": "posts", "date": "2025-03-13T14:04:16.004Z", "title": "Статья тест", "text": "аааааа аааааа аааааа ааааааааааааааааа", "rating": 0}}, {"model": "posts.post", "pk": 33, "fields": {"author": 3, "type": "posts", "date": "2025-03-13T14:12:05.449Z", "title": "Я новость тестовая....", "text": "Я тестовая новость...", "rating": 0}}, {"model": "posts.post", "pk": 34, "fields": {"author": 2, "type": "posts", "date": "2025-03-13T14:18:18.372Z", "title": "testtt", "text": "nnnfjaflajsflkasdjlakfj", "rating": 0}}, {"model": "posts.post", "pk": 35, "fields": {"author": 2, "type": "posts", "date": "2025-03-13T18:23:49.719Z", "title": "newssss", "text": "dfadfafadsfasdfasdfasdf", "rating": 0}}, {"model": "posts.post", "pk": 36, "fields": {"author": 2, "type": "news", "date": "2025-03-13T18:28:39.924Z", "title": "Получилось??", "text": "Пожалуйста стань новостью!!!", "rating": 0}}, {"model": "posts.post", "pk": 37, "fields": {"author": 2, "type": "posts", "date": "2025-03-13T18:29:44.261Z", "title": "А я - статья", "text": "Да. Я - статья...", "rating": 0}}, {"model": "posts.post", "pk": 38, "fields": {"author": 2, "type": "news", "date": "2025-03-13T18:37:51.077Z", "title": "Ещё одна новость", "text": "Тесты Тесты Тесты Тесты Тесты Тесты Тесты Тесты Тесты Тесты Тесты Тесты Тесты Тесты Тесты Тесты Тесты Тесты Тесты Тесты Тесты Тесты Тесты Тесты Тесты Тесты Тесты Тесты Тесты", "rating": 0}}, {"model": "posts.post", "pk": 39, "fields": {"author": 4, "type": "news", "date": "2025-03-13T18:39:12.045Z", "title": "alsdfjasldkfjasdlkf", "text": "jalsdfjsadlkfjasdlkfjasdjflasjfklasdjflk", "rating": 0}}, {"model": "posts.post", "pk": 40, "fields": {"author": 2, "type": "news", "date": "2025-03-13T18:40:17.502Z", "title": "55555555555", "text": "asdfasdflkajsdfklasdlfkjasd", "rating": 0}}, {"model": "posts.post", "pk": 41, "fields": {"author": 1, "type": "news", "date": "2025-03-13T18:50:42.500Z", "title": "asd;fkasf;lkasdf;l", "text": "asdfasdf;asdffffff555555555555555555555555555555555555555555555555555", "rating": 0}}, {"model": "posts.post", "pk": 43, "fields": {"author": 1, "type": "news", "date": "2025-03-13T19:16:39.530Z", "title": "tyyyyyyyyyyy", "text": "yyyyyyyyyyyyyyy", "rating": 0}}, {"model": "posts.post", "pk": 44, "fields": {"author": 1, "type": "posts", "date": "2025-03-13T19:17:10.948Z", "title": "afjalksdfjalsdkjf", "text": "Статья", "rating": 0}}, {"model": "posts.post", "pk": 45, "fields": {"author": 4, "type": "news", "date": "2025-03-14T07:07:06.746Z", "title": "Великолепная новость", "text": "Пятница!!! Пятница!!! Пятница!!! Пятница!!! Пятница!!! Пятница!!! Пятница!!! Пятница!!! Пятница!!! Пятница!!! Пятница!!! Пятница!!! Пятница!!! Пятница!!! Пятница!!! Пятница!!! Пятница!!! Пятница!!! Пятница!!! Пятница!!! Пятница!!! Пятница!!! Пятница!!! Пятница!!! Пятница!!! Пятница!!!", "rating": 0}}, {"model": "posts.post", "pk": 46, "fields": {"author": 4, "type": "news", "date": "2025-03-24T09:58:20.433Z", "title": "Супер новость", "text": "Любимое блюдо Винни - хот-доги.", "rating": 0}}, {"model": "posts.post", "pk": 47, "fields": {"author": 4, "type": "news", "date": "2025-03-24T11:12:17.663Z", "title": "Природа", "text": "Природа - это хорошо.", "rating": 0}}, {"model": "posts.post", "pk": 48, "fields": {"author": 4, "type": "news", "date": "2025-03-26T12:18:13.213Z", "title": "Тест природа", "text": "Тест природа Тест природа Тест природа Тест природа Тест природа Тест природа Тест природа Тест природа Тест природа Тест природа Тест природа", "rating": 0}}, {"model": "posts.post", "pk": 49, "fields": {"author": 4, "type": "news", "date": "2025-03-26T12:22:59.337Z", "title": "Тест природа 2", "text": "555555555Тест природа Тест природа Тест природа Тест природа Тест природа Тест природа Тест природа Тест природа Тест природа Тест природа Тест природа", "rating": 0}}, {"model": "posts.post", "pk": 50, "fields": {"author": 4, "type": "news", "date": "2025-03-26T12:33:12.866Z", "title": "Тест природа 3", "text": "Это Природа - МАТЬ НАША!", "rating": 0}}, {"model": "posts.post", "pk": 51, "fields": {"author": 4, "type": "news", "date": "2025-03-26T12:33:59.554Z", "title": "Тест природа 3", "text": "Это Природа - МАТЬ НАША!", "rating": 0}}, {"model": "posts.post", "pk": 52, "fields": {"author": 4, "type": "news", "date": "2025-03-26T12:36:00.883Z", "title": "Ну!!!", "text": "фжвдаофыдлваофывдалофывадфывалдфоывадлфывоала афдвоафывдлао", "rating": 0}}, {"model": "posts.post", "pk": 53, "fields": {"author": 4, "type": "news", "date": "2025-03-26T12:56:39.072Z", "title": "ПРИРОДА!", "text": "Если не получилось войти\r\nПроверьте, правильно ли вы написали имя ящика. Это уникальная комбинация букв, цифр и специальных символов и домен mail.ru, list.ru, bk.ru, internet.ru, inbox.ru или xmail.ru\r\n\r\nЕсли почтовая программа запрашивает пароль при каждом входе, всегда вводите этот пароль для внешнего приложения вместо пароля. Мы не рекомендуем использовать один пароль для всех внешних приложений. Чтобы обезопасить ящик, создавайте отдельный пароль для каждого внешнего приложения.", "rating": 0}}, {"model": "posts.post", "pk": 54, "fields": {"author": 4, "type": "news", "date": "2025-03-26T13:22:29.102Z", "title": "ПРИРОДА!", "text": "ДОЖДЕВОЕ ЧУДО         \r\n\r\n     Одно из самых сильных впечатлений моего детства – пробежавшая рядом дождевая тучка. Я видела кромку дождя так близко, что достаточно было протянуть ладонь… Не успела. Вижу как сейчас: разрывные нити, чуть наискосок, летят вперёд, не разбирая дороги. Мчатся мимо нас с мамой куда-то вдаль, туда, где ждут полива летние травы. Спешат, возможно, к нашей любимой земляничной полянке, неожиданно появившись среди вкусно пахнущего солнечного дня.\r\n     Событие это длилось несколько мгновений, но осветило всю мою жизнь. Так нечто потрясающее не даёт покоя, оставаясь до конца непознанным и оттого волшебным. Я словно заглянула в тайну небес, а они, приоткрыв влажную тёмную завесу, отпустили погулять маленькую проказливую тучку, которая лихо прокатилась, едва не задев меня, указывая неведомую дорогу. Куда?..\r\n     С тех пор я взволнованно отношусь к великому дару природы, ко всем её проявлениям. Пронёсшийся рядом дождь – граница двух миров, радости и печали, солнечного света и лёгких слёз. Тучка явно здоровалась с нами и желала доброго пути…\r\n\r\n     Много лет прошло с тех пор. Немало чудес природы довелось мне увидеть, включая звездопад в горах. Но чудо", "rating": 0}}, {"model": "posts.post", "pk": 55, "fields": {"author": 4, "type": "news", "date": "2025-03-26T13:28:46.050Z", "title": "ПРИРОДА!!!!!", "text": "ДОЖДЕВОЕ ЧУДО         \r\n\r\n     Одно из самых сильных впечатлений моего детства – пробежавшая рядом дождевая тучка. Я видела кромку дождя так близко, что достаточно было протянуть ладонь… Не успела. Вижу как сейчас: разрывные нити, чуть наискосок, летят вперёд, не разбирая дороги. Мчатся мимо нас с мамой куда-то вдаль, туда, где ждут полива летние травы. Спешат, возможно, к нашей любимой земляничной полянке, неожиданно появившись среди вкусно пахнущего солнечного дня.\r\n     Событие это длилось несколько мгновений, но осветило всю мою жизнь. Так нечто потрясающее не даёт покоя, оставаясь до конца непознанным и оттого волшебным. Я словно заглянула в тайну небес, а они, приоткрыв влажную тёмную завесу, отпустили погулять маленькую проказливую тучку, которая лихо прокатилась, едва не задев меня, указывая неведомую дорогу. Куда?..\r\n     С тех пор я взволнованно отношусь к великому дару природы, ко всем её проявлениям. Пронёсшийся рядом дождь – граница двух миров, радости и печали, солнечного света и лёгких слёз. Тучка явно здоровалась с нами и желала доброго пути…\r\n\r\n     Много лет прошло с тех пор. Немало чудес природы довелось мне увидеть, включая звездопад в горах. Но чудо", "rating": 0}}, {"model": "posts.post", "pk": 56, "fields": {"author": 4, "type": "news", "date": "2025-03-26T13:31:44.138Z", "title": "ПРИРОДА!!!!!", "text": "Одно из самых сильных впечатлений моего детства – пробежавшая рядом дождевая тучка. Я видела кромку дождя так близко, что достаточно было протянуть ладонь… Не успела. Вижу как сейчас: разрывные нити, чуть наискосок, летят вперёд, не разбирая дороги. Мчатся мимо нас с мамой куда-то вдаль, туда, где ждут полива летние травы. Спешат, возможно, к нашей любимой земляничной полянке, неожиданно появившись среди вкусно пахнущего солнечного дня.\r\n     Событие это длилось несколько мгновений, но осветило всю мою жизнь. Так нечто потрясающее не даёт покоя, оставаясь до конца непознанным и оттого волшебным. Я словно заглянула в тайну небес, а они, приоткрыв влажную тёмную завесу, отпустили погулять маленькую проказливую тучку, которая лихо прокатилась, едва не задев меня, указывая неведомую дорогу. Куда?..\r\n     С тех пор я взволнованно отношусь к великому дару природы, ко всем её проявлениям. Пронёсшийся рядом дождь – граница двух миров, радости и печали, солнечного света и лёгких слёз. Тучка явно здоровалась с нами и желала доброго пути…\r\n\r\n     Много лет прошло с тех пор. Немало чудес природы довелось мне увидеть, включая звездопад в горах. Но чудо", "rating": 0}}, {"model": "posts.post", "pk": 57, "fields": {"author": 4, "type": "news", "date": "2025-03-26T13:58:46.020Z", "title": "Природа - она такая.", "text": "Природа - она такая.Природа - она такая.Природа - она такая.Природа - она такая.Природа - она такая.Природа - она такая.Природа - она такая.Природа - она такая.Природа - она такая.Природа - она такая.", "rating": 0}}, {"model": "posts.post", "pk": 58, "fields": {"author": 4, "type": "news", "date": "2025-03-26T13:59:34.498Z", "title": "Природа - она такая.", "text": "Природа - она такая.Природа - она такая.Природа - она такая.Природа - она такая.Природа - она такая.Природа - она такая.Природа - она такая.Природа - она такая.Природа - она такая.Природа - она такая.", "rating": 0}}, {"model": "posts.post", "pk": 59, "fields": {"author": 4, "type": "news", "date": "2025-03-26T14:01:21.930Z", "title": "Природа - она такая.", "text": "Природа - она такая.Природа - она такая.Природа - она такая.Природа - она такая.Природа - она такая.Природа - она такая.Природа - она такая.Природа - она такая.Природа - она такая.Природа - она такая.", "rating": 0}}, {"model": "posts.post", "pk": 60, "fields": {"author": 4, "type": "news", "date": "2025-03-26T14:03:27.274Z", "title": "Природа - она такая.", "text": "Природа - она такая.Природа - она такая.Природа - она такая.Природа - она такая.Природа - она такая.Природа - она такая.Природа - она такая.Природа - она такая.Природа - она такая.Природа - она такая.", "rating": 0}}, {"model": "posts.post", "pk": 61, "fields": {"author": 4, "type": "news", "date": "2025-03-26T14:04:33.616Z", "title": "Природа - она такая.", "text": "Природа - она такая.Природа - она такая.Природа - она такая.Природа - она такая.Природа - она такая.Природа - она такая.Природа - она такая.Природа - она такая.Природа - она такая.Природа - она такая.", "rating": 0}}, {"model": "posts.post", "pk": 62, "fields": {"author": 4, "type": "news", "date": "2025-03-26T14:07:10.295Z", "title": "Природа - она такая.", "text": "Природа - она такая.Природа - она такая.Природа - она такая.Природа - она такая.Природа - она такая.Природа - она такая.Природа - она такая.Природа - она такая.Природа - она такая.Природа - она такая.", "rating": 0}}, {"model": "posts.post", "pk": 63, "fields": {"author": 4, "type": "news", "date": "2025-03-26T14:10:02.904Z", "title": "Уряяяяя!!!!!", "text": "Письмо пришло!!!!! Письмо пришло!!!!! Письмо пришло!!!!! Письмо пришло!!!!! Письмо пришло!!!!! Письмо пришло!!!!! Письмо пришло!!!!! Письмо пришло!!!!! Письмо пришло!!!!! Письмо пришло!!!!! Письмо пришло!!!!! Письмо пришло!!!!! Письмо пришло!!!!! Письмо пришло!!!!! Письмо пришло!!!!! Письмо пришло!!!!! Письмо пришло!!!!! Письмо пришло!!!!!", "rating": 0}}, {"model": "posts.post", "pk": 64, "fields": {"author": 4, "type": "posts", "date": "2025-03-26T14:12:12.762Z", "title": "ЛЕСНАЯ ГОСТЬЯ", "text": "Из всех весенних цветов, скромно распускающихся в холодном лесу, я, сама не зная почему, больше всего люблю медуницу. Она не похожа на остальные первоцветы. Сравните хоть с подснежником, хоть с кандыком. С толстой мясистой ножкой, за которую не страшно взяться (точно цветок не сломаешь). Я редко рву первые весенние цветы, только когда их неисчислимо много, и они, безбрежно радуя глаз, так и просятся в пышный букетик.\r\n     Медуницы часто растут кустиком. Несколько цветочков словно в одной горсти. Вот я и присаживаюсь перед ними и нежно обнимаю руками и наклоняю голову, чтобы вдохнуть невесомый весенний аромат. Но аромата у них нет. Может быть, только я их так воспринимаю? Для меня они пахнут землёй, беззащитной ещё, голой, освобождающейся от зимнего колдовства. Запах с примесью талого снега и свободы незримых ростков. В этих цветах – пробуждение не только природы, всего сущего, они для меня – символ нерушимости, неистребимости жизни, вселенского колдовства животворящей Земли. Их мизерные цветочки, то синенькие, то сиреневые, как посланцы из будущих летних садов. За что я люблю их? За первую теплоту? И откуда они знают об этом?\r\n     Почему я спрашиваю? Да потому что одна такая красавица каким-то чудом выросла на моей даче. Да ещё где! Среди брошенных кирпичей, на неухоженном месте (ох как трудно везде успеть!) Крупные кирпичи, которые мешали, я, конечно же, убрала, и на следующий год медуниц было уже несколько, а на третий год они слились в роскошный букет. Он особенно трогательно смотрелся среди мелких кирпичных осколков. В этом году рядом и березка выскочила, ну чем она хуже. Теперь я понимаю, этот клочок земли будет моим маленьким островком леса. Не зря же он столько лет пустует. Земля пустоты не терпит. Коли в свободную землю семечко упадёт, прорастёт обязательно. Мне самой интересно, каких смельчаков ещё в гости ждать? Да и вопрос, кто из нас гость – я или они? Или все мы на Земле нашей гости?", "rating": 0}}, {"model": "posts.post", "pk": 65, "fields": {"author": 4, "type": "news", "date": "2025-03-27T06:17:05.601Z", "title": "Ещё тест отправки", "text": "Лето, самая желанная пора, пора отпусков и летних каникул, пикников и невероятных путешествий. Летняя природа просто божественна, душа ликует от невероятных ярких цветов и бескрайних радужных полей. Теплое солнце согревает своими лучами. Повсюду чувствуется дыхание жизни. Морские пейзажи, чистый воздух, журчание ручейков, не оставляют равнодушными ни один человеческий организм. Закаты и рассветы сражают наповал своими невообразимыми красками и несказанной красотой. Свежие фрукты, овощи и ягоды насыщают организм витаминами.\r\n\r\nОсень, не каждый любит эту пору, но для художников, поэтов и фотографов она имеет большую ценность. Опавшие листья ложатся на землю красивым ковром, яркость и разнообразие красок которого поражает. Прохлада, запах дождя и грибов, грозовые тучи, тревожные крики птиц будоражат человеческое сознание. Природа живописна, иногда ее красоту просто невозможно описать словами. Каждый уголок природы таит в себе волшебное и таинственное чувство. Берегите природу, заботьтесь о ней, она восторгает души и делает людей счастливыми.", "rating": 0}}, {"model": "posts.post", "pk": 107, "fields": {"author": 2, "type": "posts", "date": "2025-04-02T11:09:56.605Z", "title": "Celery final test", "text": "Module 23 final", "rating": 0}}, {"model": "posts.post", "pk": 108, "fields": {"author": 4, "type": "news", "date": "2025-04-27T12:49:07.202Z", "title": "For Redis", "text": "To prevent Redis database deletion.", "rating": 0}}, {"model": "posts.post", "pk": 109, "fields": {"author": 4, "type": "posts", "date": "2025-04-27T13:12:05.185Z", "title": "Checking date warning", "text": "Warning in console:\r\nRuntimeWarning: DateTimeField Post.date received a naive datetime (2025-04-27 00:00:00) while time zone support is active.", "rating": 0}}, {"model": "posts.postcategory", "pk": 1, "fields": {"category": 1, "post": 1}}, {"model": "posts.postcategory", "pk": 2, "fields": {"category": 2, "post": 1}}, {"model": "posts.postcategory", "pk": 3, "fields": {"category": 1, "post": 2}}, {"model": "posts.postcategory", "pk": 4, "fields": {"category": 2, "post": 2}}, {"model": "posts.postcategory", "pk": 5, "fields": {"category": 4, "post": 3}}, {"model": "posts.postcategory", "pk": 6, "fields": {"category": 3, "post": 47}}, {"model": "posts.postcategory", "pk": 7, "fields": {"category": 4, "post": 47}}, {"model": "posts.postcategory", "pk": 9, "fields": {"category": 5, "post": 47}}, {"model": "posts.postcategory", "pk": 10, "fields": {"category": 1, "post": 46}}, {"model": "posts.postcategory", "pk": 11, "fields": {"category": 2, "post": 46}}, {"model": "posts.postcategory", "pk": 12, "fields": {"category": 3, "post": 46}}, {"model": "posts.postcategory", "pk": 13, "fields": {"category": 5, "post": 52}}, {"model": "posts.postcategory", "pk": 14, "fields": {"category": 5, "post": 53}}, {"model": "posts.postcategory", "pk": 15, "fields": {"category": 5, "post": 54}}, {"model": "posts.postcategory", "pk": 16, "fields": {"category": 5, "post": 55}}, {"model": "posts.postcategory", "pk": 17, "fields": {"category": 5, "post": 56}}, {"model": "posts.postcategory", "pk": 18, "fields": {"category": 4, "post": 62}}, {"model": "posts.postcategory", "pk": 19, "fields": {"category": 5, "post": 62}}, {"model": "posts.postcategory", "pk": 20, "fields": {"category": 5, "post": 63}}, {"model": "posts.postcategory", "pk": 21, "fields": {"category": 5, "post": 64}}, {"model": "posts.postcategory", "pk": 22, "fields": {"category": 5, "post": 65}}, {"model": "posts.postcategory", "pk": 94, "fields": {"category": 1, "post": 107}}, {"model": "posts.postcategory", "pk": 95, "fields": {"category": 3, "post": 107}}, {"model": "posts.postcategory", "pk": 96, "fields": {"category": 4, "post": 107}}, {"model": "posts.postcategory", "pk": 97, "fields": {"category": 5, "post": 107}}, {"model": "posts.postcategory", "pk": 98, "fields": {"category": 1, "post": 108}}, {"model": "posts.postcategory", "pk": 99, "fields": {"category": 2, "post": 108}}, {"model": "posts.postcategory", "pk": 100, "fields": {"category": 3, "post": 108}}, {"model": "posts.postcategory", "pk": 101, "fields": {"category": 5, "post": 108}}, {"model": "posts.postcategory", "pk": 102, "fields": {"category": 4, "post": 109}}, {"model": "posts.comment", "pk": 1, "fields": {"post": 1, "user": 2, "text": "Old school rules!", "date": "2025-03-01T10:17:00.403Z", "rating": 1}}, {"model": "posts.comment", "pk": 2, "fields": {"post": 2, "user": 1, "text": "Vinnie's the coolest!", "date": "2025-03-01T10:23:32.825Z", "rating": 1}}, {"model": "posts.comment", "pk": 3, "fields": {"post": 3, "user": 1, "text": "Hail to the Robots!", "date": "2025-03-01T10:25:07.524Z", "rating": 1}}, {"model": "posts.comment", "pk": 4, "fields": {"post": 3, "user": 2, "text": "Robolution!", "date": "2025-03-01T10:26:17.533Z", "rating": 1}}, {"model": "account.emailaddress", "pk": 1, "fields": {"user": 3, "email": "admin@skillfactory.ru", "verified": false, "primary": false}}, {"model": "account.emailaddress", "pk": 2, "fields": {"user": 6, "email": "dima@example.com", "verified": false, "primary": true}}, {"model": "account.emailaddress", "pk": 3, "fields": {"user": 7, "email": "vasya@example.com", "verified": false, "primary": true}}, {"model": "account.emailaddress", "pk": 6, "fields": {"user": 16, "email": "kolya@example.com", "verified": false, "primary": true}}, {"model": "account.emailaddress", "pk": 10, "fields": {"user": 20, "email": "arekabu@ya.ru", "verified": true, "primary": true}}, {"model": "account.emailaddress", "pk": 11, "fields": {"user": 6, "email": "newbyteas@yandex.ru", "verified": true, "primary": false}}, {"model": "socialaccount.socialapp", "pk": 1, "fields": {"provider": "google", "provider_id": "", "name": "Google", "client_id": "445203905372-4795quslkdgudvqbmn5aealksr4nnvsp.apps.googleusercontent.com", "secret": "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", "key": "", "settings": {}, "sites": [1]}}, {"model": "socialaccount.socialapp", "pk": 3, "fields": {"provider": "yandex", "provider_id": "", "name": "Yandex", "client_id": "a4173234162d45c7a7ac17987a3d16b3", "secret": "776bd8c04190465584faccdf12aa183e", "key": "", "settings": {}, "sites": [1]}}, {"model": "django_apscheduler.djangojob", "pk": "delete_old_job_executions", "fields": {"next_run_time": "2025-04-03T12:48:00Z", "job_state": "gAWVWgQAAAAAAAB9lCiMB3ZlcnNpb26USwGMAmlklIwZZGVsZXRlX29sZF9qb2JfZXhlY3V0aW9uc5SMBGZ1bmOUjEJwb3N0cy5tYW5hZ2VtZW50LmNvbW1hbmRzLnJ1bmFwc2NoZWR1bGVyOmRlbGV0ZV9vbGRfam9iX2V4ZWN1dGlvbnOUjAd0cmlnZ2VylIwZYXBzY2hlZHVsZXIudHJpZ2dlcnMuY3JvbpSMC0Nyb25UcmlnZ2VylJOUKYGUfZQoaAFLAowIdGltZXpvbmWUjAhidWlsdGluc5SMB2dldGF0dHKUk5SMCHpvbmVpbmZvlIwIWm9uZUluZm+Uk5SMCV91bnBpY2tsZZSGlFKUjA1FdXJvcGUvTW9zY293lEsBhpRSlIwKc3RhcnRfZGF0ZZROjAhlbmRfZGF0ZZROjAZmaWVsZHOUXZQojCBhcHNjaGVkdWxlci50cmlnZ2Vycy5jcm9uLmZpZWxkc5SMCUJhc2VGaWVsZJSTlCmBlH2UKIwEbmFtZZSMBHllYXKUjAppc19kZWZhdWx0lIiMC2V4cHJlc3Npb25zlF2UjCVhcHNjaGVkdWxlci50cmlnZ2Vycy5jcm9uLmV4cHJlc3Npb25zlIwNQWxsRXhwcmVzc2lvbpSTlCmBlH2UjARzdGVwlE5zYmF1YmgdjApNb250aEZpZWxklJOUKYGUfZQoaCKMBW1vbnRolGgkiGglXZRoKSmBlH2UaCxOc2JhdWJoHYwPRGF5T2ZNb250aEZpZWxklJOUKYGUfZQoaCKMA2RheZRoJIhoJV2UaCkpgZR9lGgsTnNiYXViaB2MCVdlZWtGaWVsZJSTlCmBlH2UKGgijAR3ZWVrlGgkiGglXZRoKSmBlH2UaCxOc2JhdWJoHYwORGF5T2ZXZWVrRmllbGSUk5QpgZR9lChoIowLZGF5X29mX3dlZWuUaCSJaCVdlGgnjBZXZWVrZGF5UmFuZ2VFeHByZXNzaW9ulJOUKYGUfZQoaCxOjAVmaXJzdJRLA4wEbGFzdJRLA3ViYXViaB8pgZR9lChoIowEaG91cpRoJIloJV2UaCeMD1JhbmdlRXhwcmVzc2lvbpSTlCmBlH2UKGgsTmhPSw9oUEsPdWJhdWJoHymBlH2UKGgijAZtaW51dGWUaCSJaCVdlGhWKYGUfZQoaCxOaE9LMGhQSzB1YmF1YmgfKYGUfZQoaCKMBnNlY29uZJRoJIhoJV2UaFYpgZR9lChoLE5oT0sAaFBLAHViYXViZYwGaml0dGVylE51YowIZXhlY3V0b3KUjAdkZWZhdWx0lIwEYXJnc5QpjAZrd2FyZ3OUfZRoImgDjBJtaXNmaXJlX2dyYWNlX3RpbWWUSwGMCGNvYWxlc2NllIiMDW1heF9pbnN0YW5jZXOUSwGMDW5leHRfcnVuX3RpbWWUjAhkYXRldGltZZSMCGRhdGV0aW1llJOUQwoH6QQDDzAAAAAAlGgYhpRSlHUu"}}, {"model": "django_apscheduler.djangojob", "pk": "my_job", "fields": {"next_run_time": "2025-03-27T12:49:50Z", "job_state": "gAWV1wMAAAAAAAB9lCiMB3ZlcnNpb26USwGMAmlklIwGbXlfam9ilIwEZnVuY5SML3Bvc3RzLm1hbmFnZW1lbnQuY29tbWFuZHMucnVuYXBzY2hlZHVsZXI6bXlfam9ilIwHdHJpZ2dlcpSMGWFwc2NoZWR1bGVyLnRyaWdnZXJzLmNyb26UjAtDcm9uVHJpZ2dlcpSTlCmBlH2UKGgBSwKMCHRpbWV6b25llIwIYnVpbHRpbnOUjAdnZXRhdHRylJOUjAh6b25laW5mb5SMCFpvbmVJbmZvlJOUjAlfdW5waWNrbGWUhpRSlIwNRXVyb3BlL01vc2Nvd5RLAYaUUpSMCnN0YXJ0X2RhdGWUTowIZW5kX2RhdGWUTowGZmllbGRzlF2UKIwgYXBzY2hlZHVsZXIudHJpZ2dlcnMuY3Jvbi5maWVsZHOUjAlCYXNlRmllbGSUk5QpgZR9lCiMBG5hbWWUjAR5ZWFylIwKaXNfZGVmYXVsdJSIjAtleHByZXNzaW9uc5RdlIwlYXBzY2hlZHVsZXIudHJpZ2dlcnMuY3Jvbi5leHByZXNzaW9uc5SMDUFsbEV4cHJlc3Npb26Uk5QpgZR9lIwEc3RlcJROc2JhdWJoHYwKTW9udGhGaWVsZJSTlCmBlH2UKGgijAVtb250aJRoJIhoJV2UaCkpgZR9lGgsTnNiYXViaB2MD0RheU9mTW9udGhGaWVsZJSTlCmBlH2UKGgijANkYXmUaCSIaCVdlGgpKYGUfZRoLE5zYmF1YmgdjAlXZWVrRmllbGSUk5QpgZR9lChoIowEd2Vla5RoJIhoJV2UaCkpgZR9lGgsTnNiYXViaB2MDkRheU9mV2Vla0ZpZWxklJOUKYGUfZQoaCKMC2RheV9vZl93ZWVrlGgkiGglXZRoKSmBlH2UaCxOc2JhdWJoHymBlH2UKGgijARob3VylGgkiGglXZRoKSmBlH2UaCxOc2JhdWJoHymBlH2UKGgijAZtaW51dGWUaCSIaCVdlGgpKYGUfZRoLE5zYmF1YmgfKYGUfZQoaCKMBnNlY29uZJRoJIloJV2UaCkpgZR9lGgsSwpzYmF1YmWMBmppdHRlcpROdWKMCGV4ZWN1dG9ylIwHZGVmYXVsdJSMBGFyZ3OUKYwGa3dhcmdzlH2UaCJoA4wSbWlzZmlyZV9ncmFjZV90aW1llEsBjAhjb2FsZXNjZZSIjA1tYXhfaW5zdGFuY2VzlEsBjA1uZXh0X3J1bl90aW1llIwIZGF0ZXRpbWWUjAhkYXRldGltZZSTlEMKB+kDGw8xMgAAAJRoGIaUUpR1Lg=="}}, {"model": "django_apscheduler.djangojobexecution", "pk": 1, "fields": {"job": "my_job", "status": "Executed", "run_time": "2025-03-27T12:01:10Z", "duration": "0.01", "finished": "1743076870.01", "exception": null, "traceback": null}}, {"model": "django_apscheduler.djangojobexecution", "pk": 2, "fields": {"job": "my_job", "status": "Executed", "run_time": "2025-03-27T12:01:20Z", "duration": "0.01", "finished": "1743076880.01", "exception": null, "traceback": null}}, {"model": "django_apscheduler.djangojobexecution", "pk": 3, "fields": {"job": "my_job", "status": "Executed", "run_time": "2025-03-27T12:01:30Z", "duration": "0.01", "finished": "1743076890.01", "exception": null, "traceback": null}}, {"model": "django_apscheduler.djangojobexecution", "pk": 4, "fields": {"job": "my_job", "status": "Executed", "run_time": "2025-03-27T12:47:40Z", "duration": "1.44", "finished": "1743079661.44", "exception": null, "traceback": null}}, {"model": "django_apscheduler.djangojobexecution", "pk": 5, "fields": {"job": "my_job", "status": "Executed", "run_time": "2025-03-27T12:47:50Z", "duration": "0.91", "finished": "1743079670.91", "exception": null, "traceback": null}}, {"model": "django_apscheduler.djangojobexecution", "pk": 6, "fields": {"job": "my_job", "status": "Executed", "run_time": "2025-03-27T12:48:00Z", "duration": "1.49", "finished": "1743079681.49", "exception": null, "traceback": null}}, {"model": "django_apscheduler.djangojobexecution", "pk": 7, "fields": {"job": "delete_old_job_executions", "status": "Executed", "run_time": "2025-03-27T12:48:00Z", "duration": "0.34", "finished": "1743079680.34", "exception": null, "traceback": null}}, {"model": "django_apscheduler.djangojobexecution", "pk": 8, "fields": {"job": "my_job", "status": "Executed", "run_time": "2025-03-27T12:48:10Z", "duration": "1.11", "finished": "1743079691.11", "exception": null, "traceback": null}}, {"model": "django_apscheduler.djangojobexecution", "pk": 9, "fields": {"job": "my_job", "status": "Executed", "run_time": "2025-03-27T12:48:20Z", "duration": "1.12", "finished": "1743079701.12", "exception": null, "traceback": null}}, {"model": "django_apscheduler.djangojobexecution", "pk": 10, "fields": {"job": "my_job", "status": "Executed", "run_time": "2025-03-27T12:48:30Z", "duration": "1.07", "finished": "1743079711.07", "exception": null, "traceback": null}}, {"model": "django_apscheduler.djangojobexecution", "pk": 11, "fields": {"job": "my_job", "status": "Executed", "run_time": "2025-03-27T12:48:40Z", "duration": "1.07", "finished": "1743079721.07", "exception": null, "traceback": null}}, {"model": "django_apscheduler.djangojobexecution", "pk": 12, "fields": {"job": "my_job", "status": "Executed", "run_time": "2025-03-27T12:48:50Z", "duration": "1.34", "finished": "1743079731.34", "exception": null, "traceback": null}}, {"model": "django_apscheduler.djangojobexecution", "pk": 13, "fields": {"job": "my_job", "status": "Executed", "run_time": "2025-03-27T12:49:00Z", "duration": "1.14", "finished": "1743079741.14", "exception": null, "traceback": null}}, {"model": "django_apscheduler.djangojobexecution", "pk": 14, "fields": {"job": "my_job", "status": "Executed", "run_time": "2025-03-27T12:49:10Z", "duration": "1.31", "finished": "1743079751.31", "exception": null, "traceback": null}}, {"model": "django_apscheduler.djangojobexecution", "pk": 15, "fields": {"job": "my_job", "status": "Executed", "run_time": "2025-03-27T12:49:20Z", "duration": "1.46", "finished": "1743079761.46", "exception": null, "traceback": null}}, {"model": "django_apscheduler.djangojobexecution", "pk": 16, "fields": {"job": "my_job", "status": "Executed", "run_time": "2025-03-27T12:49:30Z", "duration": "1.39", "finished": "1743079771.39", "exception": null, "traceback": null}}, {"model": "django_apscheduler.djangojobexecution", "pk": 17, "fields": {"job": "my_job", "status": "Executed", "run_time": "2025-03-27T12:49:40Z", "duration": "1.28", "finished": "1743079781.28", "exception": null, "traceback": null}}]